jobCd,jobNm,jobLrclNm,holland_top3,major
K000000847,기업 대표 및 기업 고위 임원,경영·사무·금융·보험직,ECS,의학
K000000847,기업 대표 및 기업 고위 임원,경영·사무·금융·보험직,ECS,경영학
K000000847,기업 대표 및 기업 고위 임원,경영·사무·금융·보험직,ECS,사학
K000000847,기업 대표 및 기업 고위 임원,경영·사무·금융·보험직,ECS,교육학
K000000933,행정부고위공무원,경영·사무·금융·보험직,ECS,행정학
K000000933,행정부고위공무원,경영·사무·금융·보험직,ECS,교육학
K000000919,마케팅 및 광고·홍보 관리자,경영·사무·금융·보험직,EAC,경영학
K000000919,마케팅 및 광고·홍보 관리자,경영·사무·금융·보험직,EAC,심리학
K000000919,마케팅 및 광고·홍보 관리자,경영·사무·금융·보험직,EAC,사회학
K000000919,마케팅 및 광고·홍보 관리자,경영·사무·금융·보험직,EAC,교육학
K000000919,마케팅 및 광고·홍보 관리자,경영·사무·금융·보험직,EAC,연극영화학
K000000919,마케팅 및 광고·홍보 관리자,경영·사무·금융·보험직,EAC,신문방송학
K000000919,마케팅 및 광고·홍보 관리자,경영·사무·금융·보험직,EAC,광고홍보학
K000001059,경영 지원 관리자,경영·사무·금융·보험직,ECS,경영학
K000001059,경영 지원 관리자,경영·사무·금융·보험직,ECS,경제학
K000001059,경영 지원 관리자,경영·사무·금융·보험직,ECS,회계학
K000001059,경영 지원 관리자,경영·사무·금융·보험직,ECS,무역학
K000001059,경영 지원 관리자,경영·사무·금융·보험직,ECS,행정학
K000001059,경영 지원 관리자,경영·사무·금융·보험직,ECS,교육학
K000001081,정부 행정 관리자,경영·사무·금융·보험직,ECS,경영학
K000001081,정부 행정 관리자,경영·사무·금융·보험직,ECS,경제학
K000001081,정부 행정 관리자,경영·사무·금융·보험직,ECS,회계학
K000001081,정부 행정 관리자,경영·사무·금융·보험직,ECS,법학
K000001081,정부 행정 관리자,경영·사무·금융·보험직,ECS,행정학
K000001081,정부 행정 관리자,경영·사무·금융·보험직,ECS,교육학
K000001210,금융관리자,경영·사무·금융·보험직,ECS,경영학
K000001210,금융관리자,경영·사무·금융·보험직,ECS,경제학
K000001210,금융관리자,경영·사무·금융·보험직,ECS,금융학
K000001210,금융관리자,경영·사무·금융·보험직,ECS,법학
K000007471,보험관리자,경영·사무·금융·보험직,ESC,금융학
K000007471,보험관리자,경영·사무·금융·보험직,ESC,교육학
K000000833,사회복지 관련 관리자,경영·사무·금융·보험직,SEC,사회학
K000000833,사회복지 관련 관리자,경영·사무·금융·보험직,SEC,사학
K000000833,사회복지 관련 관리자,경영·사무·금융·보험직,SEC,교육학
K000000838,초·중·고등학교 교장 및 교감,경영·사무·금융·보험직,SCE,수학
K000000838,초·중·고등학교 교장 및 교감,경영·사무·금융·보험직,SCE,행정학
K000000838,초·중·고등학교 교장 및 교감,경영·사무·금융·보험직,SCE,교육학
K000000838,초·중·고등학교 교장 및 교감,경영·사무·금융·보험직,SCE,사범대
K000000910,법률·경찰·소방 및 교도 관리자,경영·사무·금융·보험직,CSE,컴퓨터공학
K000000910,법률·경찰·소방 및 교도 관리자,경영·사무·금융·보험직,CSE,법학
K000000910,법률·경찰·소방 및 교도 관리자,경영·사무·금융·보험직,CSE,행정학
K000000910,법률·경찰·소방 및 교도 관리자,경영·사무·금융·보험직,CSE,심리학
K000000910,법률·경찰·소방 및 교도 관리자,경영·사무·금융·보험직,CSE,사회학
K000000910,법률·경찰·소방 및 교도 관리자,경영·사무·금융·보험직,CSE,영어영문학
K000000910,법률·경찰·소방 및 교도 관리자,경영·사무·금융·보험직,CSE,교육학
K000000931,보건 의료 관련 관리자,경영·사무·금융·보험직,SEC,간호학
K000000931,보건 의료 관련 관리자,경영·사무·금융·보험직,SEC,경영학
K000000931,보건 의료 관련 관리자,경영·사무·금융·보험직,SEC,행정학
K000000931,보건 의료 관련 관리자,경영·사무·금융·보험직,SEC,교육학
K000000969,문화·예술 관련 관리자,경영·사무·금융·보험직,AEC,미술학
K000000969,문화·예술 관련 관리자,경영·사무·금융·보험직,AEC,연극영화학
K000000969,문화·예술 관련 관리자,경영·사무·금융·보험직,AEC,신문방송학
K000000969,문화·예술 관련 관리자,경영·사무·금융·보험직,AEC,광고홍보학
K000000990,대학교 총장 및 대학학장,경영·사무·금융·보험직,ESC,행정학
K000001032,정보 통신 관련 관리자,경영·사무·금융·보험직,CIE,컴퓨터공학
K000001032,정보 통신 관련 관리자,경영·사무·금융·보험직,CIE,전자공학
K000001032,정보 통신 관련 관리자,경영·사무·금융·보험직,CIE,경영학
K000001032,정보 통신 관련 관리자,경영·사무·금융·보험직,CIE,경제학
K000001171,유치원 원장 및 원감,경영·사무·금융·보험직,ESC,행정학
K000001171,유치원 원장 및 원감,경영·사무·금융·보험직,ESC,교육학
K000001171,유치원 원장 및 원감,경영·사무·금융·보험직,ESC,사범대
K000001190,연구관리자,경영·사무·금융·보험직,ECI,생물학
K000000950,음식 서비스 관련 관리자,경영·사무·금융·보험직,ECS,관광학
K000000989,환경·청소 및 경비 관련 관리자,경영·사무·금융·보험직,ECS,환경공학
K000000991,여행·숙박(호텔)관리자,경영·사무·금융·보험직,ECS,경영학
K000000991,여행·숙박(호텔)관리자,경영·사무·금융·보험직,ECS,관광학
K000001028,영업 및 판매 관련 관리자,경영·사무·금융·보험직,ESC,컴퓨터공학
K000001028,영업 및 판매 관련 관리자,경영·사무·금융·보험직,ESC,전자공학
K000001028,영업 및 판매 관련 관리자,경영·사무·금융·보험직,ESC,기계공학
K000001028,영업 및 판매 관련 관리자,경영·사무·금융·보험직,ESC,경영학
K000001028,영업 및 판매 관련 관리자,경영·사무·금융·보험직,ESC,경제학
K000001094,운송 관련 관리자,경영·사무·금융·보험직,ECS,항공우주공학
K000000895,건설 및 광업 관련 관리자,경영·사무·금융·보험직,ECR,화학공학
K000000895,건설 및 광업 관련 관리자,경영·사무·금융·보험직,ECR,건축학
K000000895,건설 및 광업 관련 관리자,경영·사무·금융·보험직,ECR,환경공학
K000001018,전기·가스 및 수도 관련 관리자,경영·사무·금융·보험직,CEI,기계공학
K000001018,전기·가스 및 수도 관련 관리자,경영·사무·금융·보험직,CEI,건축학
K000001018,전기·가스 및 수도 관련 관리자,경영·사무·금융·보험직,CEI,경영학
K000001018,전기·가스 및 수도 관련 관리자,경영·사무·금융·보험직,CEI,교육학
K000001018,전기·가스 및 수도 관련 관리자,경영·사무·금융·보험직,CEI,연극영화학
K000001173,제품 생산 관련 관리자,경영·사무·금융·보험직,RCE,경영학
K000000925,정부·공공행정전문가,경영·사무·금융·보험직,CES,의학
K000000925,정부·공공행정전문가,경영·사무·금융·보험직,CES,경제학
K000000925,정부·공공행정전문가,경영·사무·금융·보험직,CES,법학
K000000925,정부·공공행정전문가,경영·사무·금융·보험직,CES,행정학
K000000875,인적자원전문가,경영·사무·금융·보험직,ESC,경영학
K000000875,인적자원전문가,경영·사무·금융·보험직,ESC,경제학
K000000875,인적자원전문가,경영·사무·금융·보험직,ESC,법학
K000000875,인적자원전문가,경영·사무·금융·보험직,ESC,교육학
K000000944,경영 및 진단 전문가,경영·사무·금융·보험직,ECS,컴퓨터공학
K000000944,경영 및 진단 전문가,경영·사무·금융·보험직,ECS,환경공학
K000000944,경영 및 진단 전문가,경영·사무·금융·보험직,ECS,산업공학
K000000944,경영 및 진단 전문가,경영·사무·금융·보험직,ECS,경영학
K000000944,경영 및 진단 전문가,경영·사무·금융·보험직,ECS,경제학
K000000944,경영 및 진단 전문가,경영·사무·금융·보험직,ECS,사학
K000000944,경영 및 진단 전문가,경영·사무·금융·보험직,ECS,교육학
K000007562,노무사,경영·사무·금융·보험직,SEC,의학
K000007562,노무사,경영·사무·금융·보험직,SEC,경영학
K000007562,노무사,경영·사무·금융·보험직,SEC,경제학
K000007562,노무사,경영·사무·금융·보험직,SEC,법학
K000007562,노무사,경영·사무·금융·보험직,SEC,행정학
K000007562,노무사,경영·사무·금융·보험직,SEC,영어영문학
K000007449,회계사,경영·사무·금융·보험직,ECI,경영학
K000007449,회계사,경영·사무·금융·보험직,ECI,경제학
K000007449,회계사,경영·사무·금융·보험직,ECI,회계학
K000007449,회계사,경영·사무·금융·보험직,ECI,금융학
K000007449,회계사,경영·사무·금융·보험직,ECI,영어영문학
K000007500,관세사,경영·사무·금융·보험직,ECS,경영학
K000007500,관세사,경영·사무·금융·보험직,ECS,경제학
K000007500,관세사,경영·사무·금융·보험직,ECS,회계학
K000007500,관세사,경영·사무·금융·보험직,ECS,무역학
K000007500,관세사,경영·사무·금융·보험직,ECS,법학
K000007500,관세사,경영·사무·금융·보험직,ECS,영어영문학
K000007514,감정평가사,경영·사무·금융·보험직,ECI,경영학
K000007514,감정평가사,경영·사무·금융·보험직,ECI,경제학
K000007514,감정평가사,경영·사무·금융·보험직,ECI,회계학
K000007514,감정평가사,경영·사무·금융·보험직,ECI,법학
K000007525,세무사,경영·사무·금융·보험직,ECS,경영학
K000007525,세무사,경영·사무·금융·보험직,ECS,경제학
K000007525,세무사,경영·사무·금융·보험직,ECS,회계학
K000007525,세무사,경영·사무·금융·보험직,ECS,법학
K000007525,세무사,경영·사무·금융·보험직,ECS,영어영문학
K000000872,광고 및 홍보 전문가,경영·사무·금융·보험직,AEC,수학
K000000872,광고 및 홍보 전문가,경영·사무·금융·보험직,AEC,경영학
K000000872,광고 및 홍보 전문가,경영·사무·금융·보험직,AEC,심리학
K000000872,광고 및 홍보 전문가,경영·사무·금융·보험직,AEC,사회학
K000000872,광고 및 홍보 전문가,경영·사무·금융·보험직,AEC,사학
K000000872,광고 및 홍보 전문가,경영·사무·금융·보험직,AEC,교육학
K000000872,광고 및 홍보 전문가,경영·사무·금융·보험직,AEC,연극영화학
K000000872,광고 및 홍보 전문가,경영·사무·금융·보험직,AEC,신문방송학
K000000872,광고 및 홍보 전문가,경영·사무·금융·보험직,AEC,광고홍보학
K000000955,행사·전시 및 회의 기획자,경영·사무·금융·보험직,ACE,경영학
K000000955,행사·전시 및 회의 기획자,경영·사무·금융·보험직,ACE,광고홍보학
K000000955,행사·전시 및 회의 기획자,경영·사무·금융·보험직,ACE,관광학
K000000997,상품 기획 전문가,경영·사무·금융·보험직,ECA,경영학
K000000997,상품 기획 전문가,경영·사무·금융·보험직,ECA,경제학
K000000997,상품 기획 전문가,경영·사무·금융·보험직,ECA,무역학
K000000997,상품 기획 전문가,경영·사무·금융·보험직,ECA,심리학
K000000997,상품 기획 전문가,경영·사무·금융·보험직,ECA,교육학
K000000997,상품 기획 전문가,경영·사무·금융·보험직,ECA,식품영양학
K000001139,조사전문가,경영·사무·금융·보험직,CAE,수학
K000001139,조사전문가,경영·사무·금융·보험직,CAE,의학
K000001139,조사전문가,경영·사무·금융·보험직,CAE,경영학
K000001139,조사전문가,경영·사무·금융·보험직,CAE,경제학
K000001139,조사전문가,경영·사무·금융·보험직,CAE,심리학
K000001139,조사전문가,경영·사무·금융·보험직,CAE,사회학
K000000995,"일반행정공무원(조세, 관세, 병무 제외)",경영·사무·금융·보험직,CES,의학
K000000995,"일반행정공무원(조세, 관세, 병무 제외)",경영·사무·금융·보험직,CES,행정학
K000001040,관세 행정 사무원,경영·사무·금융·보험직,CEI,회계학
K000001040,관세 행정 사무원,경영·사무·금융·보험직,CEI,무역학
K000001040,관세 행정 사무원,경영·사무·금융·보험직,CEI,법학
K000001040,관세 행정 사무원,경영·사무·금융·보험직,CEI,행정학
K000001040,관세 행정 사무원,경영·사무·금융·보험직,CEI,영어영문학
K000007456,병무행정사무원,경영·사무·금융·보험직,CSE,법학
K000007456,병무행정사무원,경영·사무·금융·보험직,CSE,행정학
K000007516,조세행정사무원,경영·사무·금융·보험직,CES,회계학
K000007516,조세행정사무원,경영·사무·금융·보험직,CES,행정학
K000007516,조세행정사무원,경영·사무·금융·보험직,CES,영어영문학
K000001069,광고·홍보·마케팅사무원,경영·사무·금융·보험직,ACE,컴퓨터공학
K000001069,광고·홍보·마케팅사무원,경영·사무·금융·보험직,ACE,경영학
K000001069,광고·홍보·마케팅사무원,경영·사무·금융·보험직,ACE,경제학
K000001069,광고·홍보·마케팅사무원,경영·사무·금융·보험직,ACE,회계학
K000001069,광고·홍보·마케팅사무원,경영·사무·금융·보험직,ACE,무역학
K000001069,광고·홍보·마케팅사무원,경영·사무·금융·보험직,ACE,법학
K000001069,광고·홍보·마케팅사무원,경영·사무·금융·보험직,ACE,교육학
K000001069,광고·홍보·마케팅사무원,경영·사무·금융·보험직,ACE,신문방송학
K000001069,광고·홍보·마케팅사무원,경영·사무·금융·보험직,ACE,광고홍보학
K000001079,경영 기획 사무원,경영·사무·금융·보험직,ECS,컴퓨터공학
K000001079,경영 기획 사무원,경영·사무·금융·보험직,ECS,경영학
K000001079,경영 기획 사무원,경영·사무·금융·보험직,ECS,경제학
K000001079,경영 기획 사무원,경영·사무·금융·보험직,ECS,회계학
K000001079,경영 기획 사무원,경영·사무·금융·보험직,ECS,무역학
K000001079,경영 기획 사무원,경영·사무·금융·보험직,ECS,행정학
K000001079,경영 기획 사무원,경영·사무·금융·보험직,ECS,교육학
K000001079,경영 기획 사무원,경영·사무·금융·보험직,ECS,광고홍보학
K000001196,인사·교육·훈련사무원,경영·사무·금융·보험직,ESC,컴퓨터공학
K000001196,인사·교육·훈련사무원,경영·사무·금융·보험직,ESC,경영학
K000001196,인사·교육·훈련사무원,경영·사무·금융·보험직,ESC,경제학
K000001196,인사·교육·훈련사무원,경영·사무·금융·보험직,ESC,회계학
K000001196,인사·교육·훈련사무원,경영·사무·금융·보험직,ESC,무역학
K000001196,인사·교육·훈련사무원,경영·사무·금융·보험직,ESC,법학
K000001196,인사·교육·훈련사무원,경영·사무·금융·보험직,ESC,교육학
K000001200,영업기획·관리·지원사무원,경영·사무·금융·보험직,CES,컴퓨터공학
K000001200,영업기획·관리·지원사무원,경영·사무·금융·보험직,CES,수학
K000001200,영업기획·관리·지원사무원,경영·사무·금융·보험직,CES,경영학
K000001200,영업기획·관리·지원사무원,경영·사무·금융·보험직,CES,경제학
K000001200,영업기획·관리·지원사무원,경영·사무·금융·보험직,CES,회계학
K000001200,영업기획·관리·지원사무원,경영·사무·금융·보험직,CES,무역학
K000001200,영업기획·관리·지원사무원,경영·사무·금융·보험직,CES,행정학
K000001200,영업기획·관리·지원사무원,경영·사무·금융·보험직,CES,교육학
K000001200,영업기획·관리·지원사무원,경영·사무·금융·보험직,CES,광고홍보학
K000007517,총무사무원,경영·사무·금융·보험직,ECS,컴퓨터공학
K000007517,총무사무원,경영·사무·금융·보험직,ECS,경영학
K000007517,총무사무원,경영·사무·금융·보험직,ECS,경제학
K000007517,총무사무원,경영·사무·금융·보험직,ECS,회계학
K000007517,총무사무원,경영·사무·금융·보험직,ECS,무역학
K000007517,총무사무원,경영·사무·금융·보험직,ECS,행정학
K000007517,총무사무원,경영·사무·금융·보험직,ECS,교육학
K000007517,총무사무원,경영·사무·금융·보험직,ECS,광고홍보학
K000007553,감사사무원,경영·사무·금융·보험직,ECS,컴퓨터공학
K000007553,감사사무원,경영·사무·금융·보험직,ECS,회계학
K000007553,감사사무원,경영·사무·금융·보험직,ECS,행정학
K000007553,감사사무원,경영·사무·금융·보험직,ECS,교육학
K000007466,경리사무원,경영·사무·금융·보험직,CEI,컴퓨터공학
K000007466,경리사무원,경영·사무·금융·보험직,CEI,산업공학
K000007466,경리사무원,경영·사무·금융·보험직,CEI,경영학
K000007466,경리사무원,경영·사무·금융·보험직,CEI,회계학
K000007466,경리사무원,경영·사무·금융·보험직,CEI,금융학
K000007487,회계사무원,경영·사무·금융·보험직,ECI,컴퓨터공학
K000007487,회계사무원,경영·사무·금융·보험직,ECI,수학
K000007487,회계사무원,경영·사무·금융·보험직,ECI,회계학
K000007487,회계사무원,경영·사무·금융·보험직,ECI,금융학
K000000843,자재관리 사무원(물류사무원),경영·사무·금융·보험직,ECI,컴퓨터공학
K000000843,자재관리 사무원(물류사무원),경영·사무·금융·보험직,ECI,경영학
K000000843,자재관리 사무원(물류사무원),경영·사무·금융·보험직,ECI,경제학
K000000843,자재관리 사무원(물류사무원),경영·사무·금융·보험직,ECI,회계학
K000000843,자재관리 사무원(물류사무원),경영·사무·금융·보험직,ECI,무역학
K000000843,자재관리 사무원(물류사무원),경영·사무·금융·보험직,ECI,법학
K000000843,자재관리 사무원(물류사무원),경영·사무·금융·보험직,ECI,교육학
K000000918,무역 사무원,경영·사무·금융·보험직,CEI,컴퓨터공학
K000000918,무역 사무원,경영·사무·금융·보험직,CEI,화학공학
K000000918,무역 사무원,경영·사무·금융·보험직,CEI,경영학
K000000918,무역 사무원,경영·사무·금융·보험직,CEI,경제학
K000000918,무역 사무원,경영·사무·금융·보험직,CEI,회계학
K000000918,무역 사무원,경영·사무·금융·보험직,CEI,무역학
K000000918,무역 사무원,경영·사무·금융·보험직,CEI,행정학
K000000918,무역 사무원,경영·사무·금융·보험직,CEI,사학
K000000918,무역 사무원,경영·사무·금융·보험직,CEI,교육학
K000000929,수상 및 항공운송 사무원,경영·사무·금융·보험직,CSE,컴퓨터공학
K000000929,수상 및 항공운송 사무원,경영·사무·금융·보험직,CSE,경영학
K000000929,수상 및 항공운송 사무원,경영·사무·금융·보험직,CSE,경제학
K000000929,수상 및 항공운송 사무원,경영·사무·금융·보험직,CSE,회계학
K000000929,수상 및 항공운송 사무원,경영·사무·금융·보험직,CSE,행정학
K000000929,수상 및 항공운송 사무원,경영·사무·금융·보험직,CSE,교육학
K000001001,생산 및 품질관리 사무원,경영·사무·금융·보험직,CEI,산업공학
K000001010,도로 및 철도운송 사무원,경영·사무·금융·보험직,CES,컴퓨터공학
K000001010,도로 및 철도운송 사무원,경영·사무·금융·보험직,CES,경영학
K000001010,도로 및 철도운송 사무원,경영·사무·금융·보험직,CES,경제학
K000001010,도로 및 철도운송 사무원,경영·사무·금융·보험직,CES,회계학
K000001010,도로 및 철도운송 사무원,경영·사무·금융·보험직,CES,행정학
K000001010,도로 및 철도운송 사무원,경영·사무·금융·보험직,CES,교육학
K000000866,출판·자료편집사무원,경영·사무·금융·보험직,ACE,컴퓨터공학
K000000866,출판·자료편집사무원,경영·사무·금융·보험직,ACE,환경공학
K000000866,출판·자료편집사무원,경영·사무·금융·보험직,ACE,산업공학
K000000866,출판·자료편집사무원,경영·사무·금융·보험직,ACE,경영학
K000000866,출판·자료편집사무원,경영·사무·금융·보험직,ACE,국어국문학
K000000866,출판·자료편집사무원,경영·사무·금융·보험직,ACE,영어영문학
K000000866,출판·자료편집사무원,경영·사무·금융·보험직,ACE,교육학
K000000866,출판·자료편집사무원,경영·사무·금융·보험직,ACE,미술학
K000000866,출판·자료편집사무원,경영·사무·금융·보험직,ACE,연극영화학
K000000866,출판·자료편집사무원,경영·사무·금융·보험직,ACE,광고홍보학
K000001127,의료코디네이터,경영·사무·금융·보험직,SCE,의학
K000001127,의료코디네이터,경영·사무·금융·보험직,SCE,간호학
K000001127,의료코디네이터,경영·사무·금융·보험직,SCE,광고홍보학
K000001170,안내·접수원,경영·사무·금융·보험직,CSA,항공우주공학
K000001170,안내·접수원,경영·사무·금융·보험직,CSA,법학
K000001170,안내·접수원,경영·사무·금융·보험직,CSA,관광학
K000001183,속기사,경영·사무·금융·보험직,CSA,경영학
K000001183,속기사,경영·사무·금융·보험직,CSA,경제학
K000001194,고객상담원,경영·사무·금융·보험직,SCE,교육학
K000001219,전산자료입력원 및 사무보조원,경영·사무·금융·보험직,CES,컴퓨터공학
K000001219,전산자료입력원 및 사무보조원,경영·사무·금융·보험직,CES,행정학
K000007478,비서,경영·사무·금융·보험직,CSE,컴퓨터공학
K000007478,비서,경영·사무·금융·보험직,CSE,행정학
K000007478,비서,경영·사무·금융·보험직,CSE,교육학
K000007524,행정사,경영·사무·금융·보험직,CSE,행정학
K000000987,자산운용가(펀드매니저),경영·사무·금융·보험직,ECI,수학
K000000987,자산운용가(펀드매니저),경영·사무·금융·보험직,ECI,경영학
K000000987,자산운용가(펀드매니저),경영·사무·금융·보험직,ECI,경제학
K000000987,자산운용가(펀드매니저),경영·사무·금융·보험직,ECI,금융학
K000001163,금융상품개발원,경영·사무·금융·보험직,ECS,경영학
K000001163,금융상품개발원,경영·사무·금융·보험직,ECS,경제학
K000001163,금융상품개발원,경영·사무·금융·보험직,ECS,금융학
K000001168,증권 및 외환 딜러,경영·사무·금융·보험직,CES,수학
K000001168,증권 및 외환 딜러,경영·사무·금융·보험직,CES,경영학
K000001168,증권 및 외환 딜러,경영·사무·금융·보험직,CES,경제학
K000001168,증권 및 외환 딜러,경영·사무·금융·보험직,CES,회계학
K000001168,증권 및 외환 딜러,경영·사무·금융·보험직,CES,무역학
K000001168,증권 및 외환 딜러,경영·사무·금융·보험직,CES,금융학
K000001179,투자분석가,경영·사무·금융·보험직,ECI,컴퓨터공학
K000001179,투자분석가,경영·사무·금융·보험직,ECI,생명공학
K000001179,투자분석가,경영·사무·금융·보험직,ECI,수학
K000001179,투자분석가,경영·사무·금융·보험직,ECI,경영학
K000001179,투자분석가,경영·사무·금융·보험직,ECI,경제학
K000001179,투자분석가,경영·사무·금융·보험직,ECI,회계학
K000001179,투자분석가,경영·사무·금융·보험직,ECI,금융학
K000001179,투자분석가,경영·사무·금융·보험직,ECI,영어영문학
K000001215,신용분석사,경영·사무·금융·보험직,ECS,환경공학
K000001215,신용분석사,경영·사무·금융·보험직,ECS,수학
K000001215,신용분석사,경영·사무·금융·보험직,ECS,경영학
K000001215,신용분석사,경영·사무·금융·보험직,ECS,경제학
K000001215,신용분석사,경영·사무·금융·보험직,ECS,회계학
K000001215,신용분석사,경영·사무·금융·보험직,ECS,금융학
K000007561,손해사정사,경영·사무·금융·보험직,ESC,금융학
K000007561,손해사정사,경영·사무·금융·보험직,ESC,법학
K000000908,보험인수심사원(언더라이터),경영·사무·금융·보험직,CES,경영학
K000000908,보험인수심사원(언더라이터),경영·사무·금융·보험직,CES,경제학
K000000908,보험인수심사원(언더라이터),경영·사무·금융·보험직,CES,금융학
K000000908,보험인수심사원(언더라이터),경영·사무·금융·보험직,CES,법학
K000000908,보험인수심사원(언더라이터),경영·사무·금융·보험직,CES,교육학
K000001104,신용추심원(채권관리원),경영·사무·금융·보험직,CES,경영학
K000001104,신용추심원(채권관리원),경영·사무·금융·보험직,CES,경제학
K000001104,신용추심원(채권관리원),경영·사무·금융·보험직,CES,금융학
K000001104,신용추심원(채권관리원),경영·사무·금융·보험직,CES,법학
K000001114,증권 사무원(출납창구제외),경영·사무·금융·보험직,ECS,경영학
K000001114,증권 사무원(출납창구제외),경영·사무·금융·보험직,ECS,경제학
K000001114,증권 사무원(출납창구제외),경영·사무·금융·보험직,ECS,회계학
K000001114,증권 사무원(출납창구제외),경영·사무·금융·보험직,ECS,금융학
K000001131,출납 창구 사무원,경영·사무·금융·보험직,CSE,경영학
K000001131,출납 창구 사무원,경영·사무·금융·보험직,CSE,경제학
K000001131,출납 창구 사무원,경영·사무·금융·보험직,CSE,회계학
K000001131,출납 창구 사무원,경영·사무·금융·보험직,CSE,금융학
K000001131,출납 창구 사무원,경영·사무·금융·보험직,CSE,교육학
K000001136,은행 사무원(출납창구제외),경영·사무·금융·보험직,ECS,수학
K000001136,은행 사무원(출납창구제외),경영·사무·금융·보험직,ECS,경영학
K000001136,은행 사무원(출납창구제외),경영·사무·금융·보험직,ECS,경제학
K000001136,은행 사무원(출납창구제외),경영·사무·금융·보험직,ECS,회계학
K000001136,은행 사무원(출납창구제외),경영·사무·금융·보험직,ECS,금융학
K000001136,은행 사무원(출납창구제외),경영·사무·금융·보험직,ECS,법학
K000001162,보험 심사원 및 사무원,경영·사무·금융·보험직,SCE,기계공학
K000001162,보험 심사원 및 사무원,경영·사무·금융·보험직,SCE,항공우주공학
K000001162,보험 심사원 및 사무원,경영·사무·금융·보험직,SCE,경영학
K000001162,보험 심사원 및 사무원,경영·사무·금융·보험직,SCE,경제학
K000001162,보험 심사원 및 사무원,경영·사무·금융·보험직,SCE,금융학
K000001162,보험 심사원 및 사무원,경영·사무·금융·보험직,SCE,법학
K000001162,보험 심사원 및 사무원,경영·사무·금융·보험직,SCE,교육학
K000000977,보험대리인 및 중개인,경영·사무·금융·보험직,ESC,경영학
K000000977,보험대리인 및 중개인,경영·사무·금융·보험직,ESC,경제학
K000001206,보험모집인(보험설계사/FC),경영·사무·금융·보험직,SEC,컴퓨터공학
K000001206,보험모집인(보험설계사/FC),경영·사무·금융·보험직,SEC,금융학
K000000949,인문과학 연구원,연구직 및 공학 기술직,SAC,기계공학
K000000949,인문과학 연구원,연구직 및 공학 기술직,SAC,사학
K000000949,인문과학 연구원,연구직 및 공학 기술직,SAC,철학
K000000949,인문과학 연구원,연구직 및 공학 기술직,SAC,교육학
K000000825,자연과학 시험원,연구직 및 공학 기술직,ICR,컴퓨터공학
K000000825,자연과학 시험원,연구직 및 공학 기술직,ICR,환경공학
K000000825,자연과학 시험원,연구직 및 공학 기술직,ICR,물리학
K000000852,생명과학 시험원,연구직 및 공학 기술직,ICS,컴퓨터공학
K000000852,생명과학 시험원,연구직 및 공학 기술직,ICS,생물학
K000000852,생명과학 시험원,연구직 및 공학 기술직,ICS,의학
K000000852,생명과학 시험원,연구직 및 공학 기술직,ICS,농학
K000000852,생명과학 시험원,연구직 및 공학 기술직,ICS,식품영양학
K000001140,생명과학 연구원,연구직 및 공학 기술직,ICA,생물학
K000001140,생명과학 연구원,연구직 및 공학 기술직,ICA,의학
K000001140,생명과학 연구원,연구직 및 공학 기술직,ICA,약학
K000001140,생명과학 연구원,연구직 및 공학 기술직,ICA,사학
K000001157,농림어업 관련 시험원,연구직 및 공학 기술직,ICE,생물학
K000001157,농림어업 관련 시험원,연구직 및 공학 기술직,ICE,농학
K000001157,농림어업 관련 시험원,연구직 및 공학 기술직,ICE,수산학
K000001157,농림어업 관련 시험원,연구직 및 공학 기술직,ICE,식품영양학
K000000900,통신망운영기술자,연구직 및 공학 기술직,CRI,컴퓨터공학
K000000900,통신망운영기술자,연구직 및 공학 기술직,CRI,전자공학
K000000900,통신망운영기술자,연구직 및 공학 기술직,CRI,산업공학
K000000924,통신기기·장비기술자,연구직 및 공학 기술직,CIE,컴퓨터공학
K000000924,통신기기·장비기술자,연구직 및 공학 기술직,CIE,전자공학
K000000936,통신기술개발자 ,연구직 및 공학 기술직,CIR,컴퓨터공학
K000000936,통신기술개발자 ,연구직 및 공학 기술직,CIR,전자공학
K000000936,통신기술개발자 ,연구직 및 공학 기술직,CIR,산업공학
K000000936,통신기술개발자 ,연구직 및 공학 기술직,CIR,사학
K000000936,통신기술개발자 ,연구직 및 공학 기술직,CIR,연극영화학
K000000994,컴퓨터 하드웨어 기술자 및 연구원,연구직 및 공학 기술직,CIR,컴퓨터공학
K000000994,컴퓨터 하드웨어 기술자 및 연구원,연구직 및 공학 기술직,CIR,전자공학
K000000994,컴퓨터 하드웨어 기술자 및 연구원,연구직 및 공학 기술직,CIR,산업공학
K000000994,컴퓨터 하드웨어 기술자 및 연구원,연구직 및 공학 기술직,CIR,영어영문학
K000000856,컴퓨터시스템설계 및 분석가,연구직 및 공학 기술직,CIE,컴퓨터공학
K000000856,컴퓨터시스템설계 및 분석가,연구직 및 공학 기술직,CIE,전자공학
K000000856,컴퓨터시스템설계 및 분석가,연구직 및 공학 기술직,CIE,환경공학
K000000856,컴퓨터시스템설계 및 분석가,연구직 및 공학 기술직,CIE,산업공학
K000000856,컴퓨터시스템설계 및 분석가,연구직 및 공학 기술직,CIE,수학
K000000856,컴퓨터시스템설계 및 분석가,연구직 및 공학 기술직,CIE,경영학
K000001085,정보통신컨설턴트 및 감리원,연구직 및 공학 기술직,CEI,컴퓨터공학
K000001085,정보통신컨설턴트 및 감리원,연구직 및 공학 기술직,CEI,전자공학
K000001085,정보통신컨설턴트 및 감리원,연구직 및 공학 기술직,CEI,환경공학
K000001085,정보통신컨설턴트 및 감리원,연구직 및 공학 기술직,CEI,산업공학
K000001085,정보통신컨설턴트 및 감리원,연구직 및 공학 기술직,CEI,경영학
K000001085,정보통신컨설턴트 및 감리원,연구직 및 공학 기술직,CEI,회계학
K000001085,정보통신컨설턴트 및 감리원,연구직 및 공학 기술직,CEI,교육학
K000000853,시스템 소프트웨어 개발자(프로그래머),연구직 및 공학 기술직,ICR,컴퓨터공학
K000000853,시스템 소프트웨어 개발자(프로그래머),연구직 및 공학 기술직,ICR,전자공학
K000000853,시스템 소프트웨어 개발자(프로그래머),연구직 및 공학 기술직,ICR,산업공학
K000000853,시스템 소프트웨어 개발자(프로그래머),연구직 및 공학 기술직,ICR,교육학
K000001042,모바일앱개발자,연구직 및 공학 기술직,CAI,컴퓨터공학
K000001042,모바일앱개발자,연구직 및 공학 기술직,CAI,교육학
K000001042,모바일앱개발자,연구직 및 공학 기술직,CAI,연극영화학
K000001106,웹개발자(웹 프로그래머),연구직 및 공학 기술직,CIA,컴퓨터공학
K000001106,웹개발자(웹 프로그래머),연구직 및 공학 기술직,CIA,교육학
K000001106,웹개발자(웹 프로그래머),연구직 및 공학 기술직,CIA,미술학
K000001153,IT테스터 및 IT QA전문가,연구직 및 공학 기술직,CIA,컴퓨터공학
K000001172,웹기획자,연구직 및 공학 기술직,CAE,컴퓨터공학
K000001172,웹기획자,연구직 및 공학 기술직,CAE,교육학
K000001172,웹기획자,연구직 및 공학 기술직,CAE,미술학
K000001176,응용소프트웨어개발자,연구직 및 공학 기술직,ICR,컴퓨터공학
K000001176,응용소프트웨어개발자,연구직 및 공학 기술직,ICR,교육학
K000007452,가상현실전문가,연구직 및 공학 기술직,IAC,컴퓨터공학
K000007452,가상현실전문가,연구직 및 공학 기술직,IAC,산업공학
K000007452,가상현실전문가,연구직 및 공학 기술직,IAC,미술학
K000007580,게임프로그래머,연구직 및 공학 기술직,ICA,컴퓨터공학
K000007580,게임프로그래머,연구직 및 공학 기술직,ICA,교육학
K000007580,게임프로그래머,연구직 및 공학 기술직,ICA,미술학
K000007580,게임프로그래머,연구직 및 공학 기술직,ICA,음악학
K000000968,네트워크시스템개발자(네트워크엔지니어),연구직 및 공학 기술직,CIE,컴퓨터공학
K000000968,네트워크시스템개발자(네트워크엔지니어),연구직 및 공학 기술직,CIE,전자공학
K000000968,네트워크시스템개발자(네트워크엔지니어),연구직 및 공학 기술직,CIE,산업공학
K000000978,IT기술지원전문가,연구직 및 공학 기술직,CIA,컴퓨터공학
K000000978,IT기술지원전문가,연구직 및 공학 기술직,CIA,전자공학
K000000978,IT기술지원전문가,연구직 및 공학 기술직,CIA,기계공학
K000000978,IT기술지원전문가,연구직 및 공학 기술직,CIA,산업공학
K000000978,IT기술지원전문가,연구직 및 공학 기술직,CIA,수학
K000000978,IT기술지원전문가,연구직 및 공학 기술직,CIA,물리학
K000001061,웹 운영자(홈페이지 관리자),연구직 및 공학 기술직,CIE,컴퓨터공학
K000001061,웹 운영자(홈페이지 관리자),연구직 및 공학 기술직,CIE,교육학
K000001061,웹 운영자(홈페이지 관리자),연구직 및 공학 기술직,CIE,미술학
K000001080,데이터분석가(빅데이터분석가),연구직 및 공학 기술직,ICA,컴퓨터공학
K000001080,데이터분석가(빅데이터분석가),연구직 및 공학 기술직,ICA,산업공학
K000001080,데이터분석가(빅데이터분석가),연구직 및 공학 기술직,ICA,수학
K000001080,데이터분석가(빅데이터분석가),연구직 및 공학 기술직,ICA,경영학
K000001080,데이터분석가(빅데이터분석가),연구직 및 공학 기술직,ICA,경제학
K000001080,데이터분석가(빅데이터분석가),연구직 및 공학 기술직,ICA,교육학
K000001132,정보 시스템 운영자,연구직 및 공학 기술직,CIR,컴퓨터공학
K000001132,정보 시스템 운영자,연구직 및 공학 기술직,CIR,산업공학
K000001132,정보 시스템 운영자,연구직 및 공학 기술직,CIR,교육학
K000001134,데이터 시스템 전문가,연구직 및 공학 기술직,CIE,컴퓨터공학
K000001134,데이터 시스템 전문가,연구직 및 공학 기술직,CIE,산업공학
K000001134,데이터 시스템 전문가,연구직 및 공학 기술직,CIE,수학
K000000832,정보 보안 전문가,연구직 및 공학 기술직,CIA,컴퓨터공학
K000000832,정보 보안 전문가,연구직 및 공학 기술직,CIA,기계공학
K000000832,정보 보안 전문가,연구직 및 공학 기술직,CIA,환경공학
K000000832,정보 보안 전문가,연구직 및 공학 기술직,CIA,산업공학
K000000832,정보 보안 전문가,연구직 및 공학 기술직,CIA,교육학
K000001041,방송송출장비기사,연구직 및 공학 기술직,RCI,행정학
K000001041,방송송출장비기사,연구직 및 공학 기술직,RCI,연극영화학
K000001041,방송송출장비기사,연구직 및 공학 기술직,RCI,광고홍보학
K000001074,통신장비기사,연구직 및 공학 기술직,RCI,컴퓨터공학
K000001074,통신장비기사,연구직 및 공학 기술직,RCI,전자공학
K000001074,통신장비기사,연구직 및 공학 기술직,RCI,산업공학
K000000829,토목안전·환경기술자 및 토목품질기술자,연구직 및 공학 기술직,ICR,화학공학
K000000829,토목안전·환경기술자 및 토목품질기술자,연구직 및 공학 기술직,ICR,건축학
K000000829,토목안전·환경기술자 및 토목품질기술자,연구직 및 공학 기술직,ICR,환경공학
K000000829,토목안전·환경기술자 및 토목품질기술자,연구직 및 공학 기술직,ICR,교육학
K000000878,도시계획·설계가,연구직 및 공학 기술직,ACE,건축학
K000000878,도시계획·설계가,연구직 및 공학 기술직,ACE,환경공학
K000000888,지적 및 측량기술자,연구직 및 공학 기술직,CRI,컴퓨터공학
K000000888,지적 및 측량기술자,연구직 및 공학 기술직,CRI,건축학
K000000888,지적 및 측량기술자,연구직 및 공학 기술직,CRI,항공우주공학
K000000891,교통계획·설계가,연구직 및 공학 기술직,CIA,컴퓨터공학
K000000891,교통계획·설계가,연구직 및 공학 기술직,CIA,전자공학
K000000891,교통계획·설계가,연구직 및 공학 기술직,CIA,건축학
K000000891,교통계획·설계가,연구직 및 공학 기술직,CIA,환경공학
K000000891,교통계획·설계가,연구직 및 공학 기술직,CIA,산업공학
K000000891,교통계획·설계가,연구직 및 공학 기술직,CIA,항공우주공학
K000000891,교통계획·설계가,연구직 및 공학 기술직,CIA,수학
K000000915,건축감리기술자,연구직 및 공학 기술직,CAE,기계공학
K000000915,건축감리기술자,연구직 및 공학 기술직,CAE,화학공학
K000000915,건축감리기술자,연구직 및 공학 기술직,CAE,건축학
K000000915,건축감리기술자,연구직 및 공학 기술직,CAE,교육학
K000000922,건축설비기술자,연구직 및 공학 기술직,RCI,기계공학
K000000922,건축설비기술자,연구직 및 공학 기술직,RCI,건축학
K000000922,건축설비기술자,연구직 및 공학 기술직,RCI,환경공학
K000000940,건축시공기술자 및 견적원,연구직 및 공학 기술직,CER,컴퓨터공학
K000000940,건축시공기술자 및 견적원,연구직 및 공학 기술직,CER,기계공학
K000000940,건축시공기술자 및 견적원,연구직 및 공학 기술직,CER,화학공학
K000000940,건축시공기술자 및 견적원,연구직 및 공학 기술직,CER,건축학
K000000940,건축시공기술자 및 견적원,연구직 및 공학 기술직,CER,교육학
K000000956,건축구조기술자,연구직 및 공학 기술직,IRC,화학공학
K000000956,건축구조기술자,연구직 및 공학 기술직,IRC,건축학
K000000956,건축구조기술자,연구직 및 공학 기술직,IRC,산업공학
K000000956,건축구조기술자,연구직 및 공학 기술직,IRC,의학
K000000956,건축구조기술자,연구직 및 공학 기술직,IRC,경제학
K000000985,조경 기술자,연구직 및 공학 기술직,ACI,건축학
K000000985,조경 기술자,연구직 및 공학 기술직,ACI,환경공학
K000000985,조경 기술자,연구직 및 공학 기술직,ACI,관광학
K000000992,토목구조설계기술자,연구직 및 공학 기술직,ICR,화학공학
K000000992,토목구조설계기술자,연구직 및 공학 기술직,ICR,건축학
K000000992,토목구조설계기술자,연구직 및 공학 기술직,ICR,의학
K000001014,건축가(건축설계사),연구직 및 공학 기술직,ACI,화학공학
K000001014,건축가(건축설계사),연구직 및 공학 기술직,ACI,건축학
K000001014,건축가(건축설계사),연구직 및 공학 기술직,ACI,경영학
K000001014,건축가(건축설계사),연구직 및 공학 기술직,ACI,교육학
K000001021,공간정보시스템전문가,연구직 및 공학 기술직,CIA,컴퓨터공학
K000001021,공간정보시스템전문가,연구직 및 공학 기술직,CIA,건축학
K000001021,공간정보시스템전문가,연구직 및 공학 기술직,CIA,산업공학
K000001021,공간정보시스템전문가,연구직 및 공학 기술직,CIA,항공우주공학
K000001067,토목감리기술자,연구직 및 공학 기술직,CER,화학공학
K000001067,토목감리기술자,연구직 및 공학 기술직,CER,건축학
K000001067,토목감리기술자,연구직 및 공학 기술직,CER,교육학
K000001073,토목시공기술자 및 견적원,연구직 및 공학 기술직,ECI,컴퓨터공학
K000001073,토목시공기술자 및 견적원,연구직 및 공학 기술직,ECI,화학공학
K000001073,토목시공기술자 및 견적원,연구직 및 공학 기술직,ECI,건축학
K000001073,토목시공기술자 및 견적원,연구직 및 공학 기술직,ECI,교육학
K000001120,교통영향평가원,연구직 및 공학 기술직,ICE,건축학
K000001120,교통영향평가원,연구직 및 공학 기술직,ICE,산업공학
K000001120,교통영향평가원,연구직 및 공학 기술직,ICE,항공우주공학
K000001120,교통영향평가원,연구직 및 공학 기술직,ICE,수학
K000001120,교통영향평가원,연구직 및 공학 기술직,ICE,회계학
K000001142,건축안전·환경기술자 및 건축품질기술자,연구직 및 공학 기술직,CIS,컴퓨터공학
K000001142,건축안전·환경기술자 및 건축품질기술자,연구직 및 공학 기술직,CIS,건축학
K000001142,건축안전·환경기술자 및 건축품질기술자,연구직 및 공학 기술직,CIS,환경공학
K000001142,건축안전·환경기술자 및 건축품질기술자,연구직 및 공학 기술직,CIS,심리학
K000001142,건축안전·환경기술자 및 건축품질기술자,연구직 및 공학 기술직,CIS,교육학
K000001177,건설자재시험원,연구직 및 공학 기술직,CIR,화학공학
K000001177,건설자재시험원,연구직 및 공학 기술직,CIR,건축학
K000000860,로봇공학기술자 및 연구원,연구직 및 공학 기술직,ICR,컴퓨터공학
K000000860,로봇공학기술자 및 연구원,연구직 및 공학 기술직,ICR,전자공학
K000000860,로봇공학기술자 및 연구원,연구직 및 공학 기술직,ICR,기계공학
K000000860,로봇공학기술자 및 연구원,연구직 및 공학 기술직,ICR,교육학
K000000860,로봇공학기술자 및 연구원,연구직 및 공학 기술직,ICR,미술학
K000000870,플랜트기계공학기술자,연구직 및 공학 기술직,IRC,기계공학
K000000870,플랜트기계공학기술자,연구직 및 공학 기술직,IRC,건축학
K000000877,항공공학기술자,연구직 및 공학 기술직,CIR,기계공학
K000000877,항공공학기술자,연구직 및 공학 기술직,CIR,항공우주공학
K000000877,항공공학기술자,연구직 및 공학 기술직,CIR,영어영문학
K000000877,항공공학기술자,연구직 및 공학 기술직,CIR,교육학
K000001082,기계 및 로봇공학 시험원,연구직 및 공학 기술직,IRC,기계공학
K000001101,조선·해양공학기술자,연구직 및 공학 기술직,CIR,전자공학
K000001101,조선·해양공학기술자,연구직 및 공학 기술직,CIR,기계공학
K000001101,조선·해양공학기술자,연구직 및 공학 기술직,CIR,환경공학
K000001101,조선·해양공학기술자,연구직 및 공학 기술직,CIR,산업공학
K000001101,조선·해양공학기술자,연구직 및 공학 기술직,CIR,물리학
K000001101,조선·해양공학기술자,연구직 및 공학 기술직,CIR,생물학
K000001101,조선·해양공학기술자,연구직 및 공학 기술직,CIR,교육학
K000001101,조선·해양공학기술자,연구직 및 공학 기술직,CIR,수산학
K000001103,건설기계공학기술자 및 연구원,연구직 및 공학 기술직,ICR,기계공학
K000001103,건설기계공학기술자 및 연구원,연구직 및 공학 기술직,ICR,건축학
K000001103,건설기계공학기술자 및 연구원,연구직 및 공학 기술직,ICR,산업공학
K000001103,건설기계공학기술자 및 연구원,연구직 및 공학 기술직,ICR,교육학
K000001103,건설기계공학기술자 및 연구원,연구직 및 공학 기술직,ICR,농학
K000001185,자동차공학기술자,연구직 및 공학 기술직,IRC,전자공학
K000001185,자동차공학기술자,연구직 및 공학 기술직,IRC,기계공학
K000001185,자동차공학기술자,연구직 및 공학 기술직,IRC,산업공학
K000001185,자동차공학기술자,연구직 및 공학 기술직,IRC,교육학
K000000942,금속·재료공학 기술자 및 연구원,연구직 및 공학 기술직,ICR,화학공학
K000000942,금속·재료공학 기술자 및 연구원,연구직 및 공학 기술직,ICR,사학
K000000942,금속·재료공학 기술자 및 연구원,연구직 및 공학 기술직,ICR,교육학
K000001189,금속 및 재료공학 시험원,연구직 및 공학 기술직,ICR,전자공학
K000001189,금속 및 재료공학 시험원,연구직 및 공학 기술직,ICR,기계공학
K000001189,금속 및 재료공학 시험원,연구직 및 공학 기술직,ICR,화학공학
K000001189,금속 및 재료공학 시험원,연구직 및 공학 기술직,ICR,항공우주공학
K000001189,금속 및 재료공학 시험원,연구직 및 공학 기술직,ICR,교육학
K000000826,전기기기·제품개발기술자 및 연구원,연구직 및 공학 기술직,ICR,전자공학
K000000826,전기기기·제품개발기술자 및 연구원,연구직 및 공학 기술직,ICR,화학공학
K000000826,전기기기·제품개발기술자 및 연구원,연구직 및 공학 기술직,ICR,산업공학
K000000826,전기기기·제품개발기술자 및 연구원,연구직 및 공학 기술직,ICR,교육학
K000000840,송·배전설비기술자,연구직 및 공학 기술직,RIC,컴퓨터공학
K000000840,송·배전설비기술자,연구직 및 공학 기술직,RIC,전자공학
K000000840,송·배전설비기술자,연구직 및 공학 기술직,RIC,건축학
K000000840,송·배전설비기술자,연구직 및 공학 기술직,RIC,행정학
K000000840,송·배전설비기술자,연구직 및 공학 기술직,RIC,사학
K000000876,전기감리기술자,연구직 및 공학 기술직,RCI,컴퓨터공학
K000000876,전기감리기술자,연구직 및 공학 기술직,RCI,전자공학
K000000876,전기감리기술자,연구직 및 공학 기술직,RCI,기계공학
K000000876,전기감리기술자,연구직 및 공학 기술직,RCI,화학공학
K000000879,디스플레이연구 및 개발자,연구직 및 공학 기술직,ICR,전자공학
K000000879,디스플레이연구 및 개발자,연구직 및 공학 기술직,ICR,화학공학
K000000975,발전설비기술자,연구직 및 공학 기술직,RIC,전자공학
K000000975,발전설비기술자,연구직 및 공학 기술직,RIC,건축학
K000000975,발전설비기술자,연구직 및 공학 기술직,RIC,행정학
K000000975,발전설비기술자,연구직 및 공학 기술직,RIC,사학
K000000984,전자제품 및 부품 개발기술자,연구직 및 공학 기술직,ICR,컴퓨터공학
K000000984,전자제품 및 부품 개발기술자,연구직 및 공학 기술직,ICR,전자공학
K000000984,전자제품 및 부품 개발기술자,연구직 및 공학 기술직,ICR,화학공학
K000000984,전자제품 및 부품 개발기술자,연구직 및 공학 기술직,ICR,산업공학
K000000984,전자제품 및 부품 개발기술자,연구직 및 공학 기술직,ICR,수학
K000000984,전자제품 및 부품 개발기술자,연구직 및 공학 기술직,ICR,물리학
K000001184,반도체공학 기술자 및 연구원,연구직 및 공학 기술직,ICR,전자공학
K000001184,반도체공학 기술자 및 연구원,연구직 및 공학 기술직,ICR,수학
K000001184,반도체공학 기술자 및 연구원,연구직 및 공학 기술직,ICR,물리학
K000001191,전자계측제어기술자,연구직 및 공학 기술직,ICR,컴퓨터공학
K000001191,전자계측제어기술자,연구직 및 공학 기술직,ICR,전자공학
K000001191,전자계측제어기술자,연구직 및 공학 기술직,ICR,수학
K000001191,전자계측제어기술자,연구직 및 공학 기술직,ICR,물리학
K000001202,"전기계측제어기술자(전기패널, 계장, 공정자동화전기 등)",연구직 및 공학 기술직,ICR,컴퓨터공학
K000001202,"전기계측제어기술자(전기패널, 계장, 공정자동화전기 등)",연구직 및 공학 기술직,ICR,전자공학
K000001202,"전기계측제어기술자(전기패널, 계장, 공정자동화전기 등)",연구직 및 공학 기술직,ICR,기계공학
K000001202,"전기계측제어기술자(전기패널, 계장, 공정자동화전기 등)",연구직 및 공학 기술직,ICR,건축학
K000001202,"전기계측제어기술자(전기패널, 계장, 공정자동화전기 등)",연구직 및 공학 기술직,ICR,산업공학
K000001202,"전기계측제어기술자(전기패널, 계장, 공정자동화전기 등)",연구직 및 공학 기술직,ICR,행정학
K000001202,"전기계측제어기술자(전기패널, 계장, 공정자동화전기 등)",연구직 및 공학 기술직,ICR,사학
K000001205,전기 및 전자공학 시험원,연구직 및 공학 기술직,CRI,전자공학
K000007491,전기안전기술자,연구직 및 공학 기술직,CRI,전자공학
K000007491,전기안전기술자,연구직 및 공학 기술직,CRI,화학공학
K000007491,전기안전기술자,연구직 및 공학 기술직,CRI,산업공학
K000007491,전기안전기술자,연구직 및 공학 기술직,CRI,교육학
K000000865,석유화학공학기술자 및 연구원,연구직 및 공학 기술직,IRC,화학공학
K000000865,석유화학공학기술자 및 연구원,연구직 및 공학 기술직,IRC,수학
K000000865,석유화학공학기술자 및 연구원,연구직 및 공학 기술직,IRC,물리학
K000000865,석유화학공학기술자 및 연구원,연구직 및 공학 기술직,IRC,생물학
K000000934,화학공학 시험원,연구직 및 공학 기술직,ICR,화학공학
K000000934,화학공학 시험원,연구직 및 공학 기술직,ICR,수학
K000000934,화학공학 시험원,연구직 및 공학 기술직,ICR,물리학
K000000934,화학공학 시험원,연구직 및 공학 기술직,ICR,생물학
K000000946,도료 및 농약품 화학공학기술자 및 연구원,연구직 및 공학 기술직,ICE,화학공학
K000000946,도료 및 농약품 화학공학기술자 및 연구원,연구직 및 공학 기술직,ICE,생명공학
K000000946,도료 및 농약품 화학공학기술자 및 연구원,연구직 및 공학 기술직,ICE,수학
K000000946,도료 및 농약품 화학공학기술자 및 연구원,연구직 및 공학 기술직,ICE,물리학
K000000946,도료 및 농약품 화학공학기술자 및 연구원,연구직 및 공학 기술직,ICE,화학
K000000946,도료 및 농약품 화학공학기술자 및 연구원,연구직 및 공학 기술직,ICE,생물학
K000000998,의약품공학기술자 및 연구원,연구직 및 공학 기술직,ICE,화학공학
K000000998,의약품공학기술자 및 연구원,연구직 및 공학 기술직,ICE,생명공학
K000000998,의약품공학기술자 및 연구원,연구직 및 공학 기술직,ICE,수학
K000000998,의약품공학기술자 및 연구원,연구직 및 공학 기술직,ICE,물리학
K000000998,의약품공학기술자 및 연구원,연구직 및 공학 기술직,ICE,화학
K000000998,의약품공학기술자 및 연구원,연구직 및 공학 기술직,ICE,생물학
K000000998,의약품공학기술자 및 연구원,연구직 및 공학 기술직,ICE,약학
K000001141,비누 및 화장품 화학공학기술자 및 연구원,연구직 및 공학 기술직,ICE,화학공학
K000001141,비누 및 화장품 화학공학기술자 및 연구원,연구직 및 공학 기술직,ICE,수학
K000001141,비누 및 화장품 화학공학기술자 및 연구원,연구직 및 공학 기술직,ICE,물리학
K000001141,비누 및 화장품 화학공학기술자 및 연구원,연구직 및 공학 기술직,ICE,화학
K000001141,비누 및 화장품 화학공학기술자 및 연구원,연구직 및 공학 기술직,ICE,생물학
K000001193,고무 및 플라스틱 화학공학기술자 및 연구원,연구직 및 공학 기술직,ICR,화학공학
K000001193,고무 및 플라스틱 화학공학기술자 및 연구원,연구직 및 공학 기술직,ICR,수학
K000001193,고무 및 플라스틱 화학공학기술자 및 연구원,연구직 및 공학 기술직,ICR,물리학
K000001193,고무 및 플라스틱 화학공학기술자 및 연구원,연구직 및 공학 기술직,ICR,화학
K000001193,고무 및 플라스틱 화학공학기술자 및 연구원,연구직 및 공학 기술직,ICR,생물학
K000000887,수질환경기술자,연구직 및 공학 기술직,ICR,환경공학
K000000887,수질환경기술자,연구직 및 공학 기술직,ICR,생물학
K000000920,토양환경기술자 및 연구원,연구직 및 공학 기술직,ICE,건축학
K000000920,토양환경기술자 및 연구원,연구직 및 공학 기술직,ICE,환경공학
K000000920,토양환경기술자 및 연구원,연구직 및 공학 기술직,ICE,생물학
K000000938,대기환경기술자,연구직 및 공학 기술직,ICR,기계공학
K000000938,대기환경기술자,연구직 및 공학 기술직,ICR,화학공학
K000000938,대기환경기술자,연구직 및 공학 기술직,ICR,환경공학
K000001026,소음진동기술자 및 연구원,연구직 및 공학 기술직,ICR,기계공학
K000001026,소음진동기술자 및 연구원,연구직 및 공학 기술직,ICR,환경공학
K000001036,가스·에너지시험원 및 진단전문가,연구직 및 공학 기술직,CIR,전자공학
K000001036,가스·에너지시험원 및 진단전문가,연구직 및 공학 기술직,CIR,기계공학
K000001036,가스·에너지시험원 및 진단전문가,연구직 및 공학 기술직,CIR,화학공학
K000001064,보건위생·환경검사원,연구직 및 공학 기술직,CIS,화학공학
K000001064,보건위생·환경검사원,연구직 및 공학 기술직,CIS,환경공학
K000001064,보건위생·환경검사원,연구직 및 공학 기술직,CIS,산업공학
K000001064,보건위생·환경검사원,연구직 및 공학 기술직,CIS,생물학
K000001064,보건위생·환경검사원,연구직 및 공학 기술직,CIS,관광학
K000001064,보건위생·환경검사원,연구직 및 공학 기술직,CIS,식품영양학
K000001084,가스·에너지공학 기술자 및 연구원,연구직 및 공학 기술직,ICE,전자공학
K000001084,가스·에너지공학 기술자 및 연구원,연구직 및 공학 기술직,ICE,화학공학
K000001084,가스·에너지공학 기술자 및 연구원,연구직 및 공학 기술직,ICE,산업공학
K000001097,환경공학 시험원,연구직 및 공학 기술직,ICA,환경공학
K000001097,환경공학 시험원,연구직 및 공학 기술직,ICA,생물학
K000007554,폐기물처리기술자,연구직 및 공학 기술직,ICR,기계공학
K000007554,폐기물처리기술자,연구직 및 공학 기술직,ICR,화학공학
K000007554,폐기물처리기술자,연구직 및 공학 기술직,ICR,환경공학
K000007582,환경영향평가원,연구직 및 공학 기술직,ICE,건축학
K000007582,환경영향평가원,연구직 및 공학 기술직,ICE,환경공학
K000007582,환경영향평가원,연구직 및 공학 기술직,ICE,생물학
K000007582,환경영향평가원,연구직 및 공학 기술직,ICE,경영학
K000007582,환경영향평가원,연구직 및 공학 기술직,ICE,경제학
K000007582,환경영향평가원,연구직 및 공학 기술직,ICE,농학
K000007582,환경영향평가원,연구직 및 공학 기술직,ICE,수산학
K000001123,섬유공학 기술자 및 연구원,연구직 및 공학 기술직,ICR,화학공학
K000001123,섬유공학 기술자 및 연구원,연구직 및 공학 기술직,ICR,산업공학
K000001123,섬유공학 기술자 및 연구원,연구직 및 공학 기술직,ICR,물리학
K000001123,섬유공학 기술자 및 연구원,연구직 및 공학 기술직,ICR,교육학
K000001151,섬유공학 시험원(섬유·염료),연구직 및 공학 기술직,ICE,화학공학
K000001151,섬유공학 시험원(섬유·염료),연구직 및 공학 기술직,ICE,물리학
K000000970,식품공학 시험원,연구직 및 공학 기술직,ICR,물리학
K000000970,식품공학 시험원,연구직 및 공학 기술직,ICR,식품영양학
K000001063,식품공학 기술자 및 연구원,연구직 및 공학 기술직,ICE,생명공학
K000001063,식품공학 기술자 및 연구원,연구직 및 공학 기술직,ICE,의학
K000001063,식품공학 기술자 및 연구원,연구직 및 공학 기술직,ICE,식품영양학
K000000835,산업안전원 및 위험관리원,연구직 및 공학 기술직,CRI,전자공학
K000000835,산업안전원 및 위험관리원,연구직 및 공학 기술직,CRI,기계공학
K000000835,산업안전원 및 위험관리원,연구직 및 공학 기술직,CRI,화학공학
K000000835,산업안전원 및 위험관리원,연구직 및 공학 기술직,CRI,건축학
K000000835,산업안전원 및 위험관리원,연구직 및 공학 기술직,CRI,환경공학
K000000835,산업안전원 및 위험관리원,연구직 및 공학 기술직,CRI,교육학
K000000953,소방공학 기술자 및 연구원,연구직 및 공학 기술직,CIR,기계공학
K000000953,소방공학 기술자 및 연구원,연구직 및 공학 기술직,CIR,건축학
K000007545,비파괴검사원,연구직 및 공학 기술직,RCI,기계공학
K000007545,비파괴검사원,연구직 및 공학 기술직,RCI,화학공학
K000007545,비파괴검사원,연구직 및 공학 기술직,RCI,항공우주공학
K000007545,비파괴검사원,연구직 및 공학 기술직,RCI,물리학
K000007545,비파괴검사원,연구직 및 공학 기술직,RCI,교육학
K000001090,제도사(캐드원),연구직 및 공학 기술직,IAC,컴퓨터공학
K000001090,제도사(캐드원),연구직 및 공학 기술직,IAC,기계공학
K000001090,제도사(캐드원),연구직 및 공학 기술직,IAC,건축학
K000001090,제도사(캐드원),연구직 및 공학 기술직,IAC,교육학
K000001090,제도사(캐드원),연구직 및 공학 기술직,IAC,미술학
K000000906,대학 교수,교육·법률·사회복지·경찰·소방직 및 군인,SCI,컴퓨터공학
K000000906,대학 교수,교육·법률·사회복지·경찰·소방직 및 군인,SCI,건축학
K000000906,대학 교수,교육·법률·사회복지·경찰·소방직 및 군인,SCI,수학
K000000906,대학 교수,교육·법률·사회복지·경찰·소방직 및 군인,SCI,의학
K000000906,대학 교수,교육·법률·사회복지·경찰·소방직 및 군인,SCI,경영학
K000000906,대학 교수,교육·법률·사회복지·경찰·소방직 및 군인,SCI,법학
K000000906,대학 교수,교육·법률·사회복지·경찰·소방직 및 군인,SCI,사학
K000000906,대학 교수,교육·법률·사회복지·경찰·소방직 및 군인,SCI,교육학
K000000906,대학 교수,교육·법률·사회복지·경찰·소방직 및 군인,SCI,수산학
K000001220,대학 강사,교육·법률·사회복지·경찰·소방직 및 군인,SCA,교육학
K000001220,대학 강사,교육·법률·사회복지·경찰·소방직 및 군인,SCA,사회학
K000000849,보조교사,교육·법률·사회복지·경찰·소방직 및 군인,SCA,행정학
K000000849,보조교사,교육·법률·사회복지·경찰·소방직 및 군인,SCA,사회학
K000000849,보조교사,교육·법률·사회복지·경찰·소방직 및 군인,SCA,교육학
K000000849,보조교사,교육·법률·사회복지·경찰·소방직 및 군인,SCA,사범대
K000001065,중·고등학교 교사,교육·법률·사회복지·경찰·소방직 및 군인,SCI,국어국문학
K000001065,중·고등학교 교사,교육·법률·사회복지·경찰·소방직 및 군인,SCI,영어영문학
K000001065,중·고등학교 교사,교육·법률·사회복지·경찰·소방직 및 군인,SCI,사학
K000001065,중·고등학교 교사,교육·법률·사회복지·경찰·소방직 및 군인,SCI,교육학
K000001065,중·고등학교 교사,교육·법률·사회복지·경찰·소방직 및 군인,SCI,사범대
K000001113,특수교육 교사,교육·법률·사회복지·경찰·소방직 및 군인,SCA,수학
K000001113,특수교육 교사,교육·법률·사회복지·경찰·소방직 및 군인,SCA,교육학
K000001113,특수교육 교사,교육·법률·사회복지·경찰·소방직 및 군인,SCA,사범대
K000007558,초등학교교사,교육·법률·사회복지·경찰·소방직 및 군인,SCI,행정학
K000007558,초등학교교사,교육·법률·사회복지·경찰·소방직 및 군인,SCI,교육학
K000007558,초등학교교사,교육·법률·사회복지·경찰·소방직 및 군인,SCI,사범대
K000007558,초등학교교사,교육·법률·사회복지·경찰·소방직 및 군인,SCI,미술학
K000007558,초등학교교사,교육·법률·사회복지·경찰·소방직 및 군인,SCI,음악학
K000007558,초등학교교사,교육·법률·사회복지·경찰·소방직 및 군인,SCI,체육학
K000007530,유치원교사,교육·법률·사회복지·경찰·소방직 및 군인,SCA,심리학
K000007530,유치원교사,교육·법률·사회복지·경찰·소방직 및 군인,SCA,사회학
K000007530,유치원교사,교육·법률·사회복지·경찰·소방직 및 군인,SCA,철학
K000007530,유치원교사,교육·법률·사회복지·경찰·소방직 및 군인,SCA,교육학
K000007530,유치원교사,교육·법률·사회복지·경찰·소방직 및 군인,SCA,사범대
K000007530,유치원교사,교육·법률·사회복지·경찰·소방직 및 군인,SCA,미술학
K000000837,외국어 강사,교육·법률·사회복지·경찰·소방직 및 군인,SCE,교육학
K000000837,외국어 강사,교육·법률·사회복지·경찰·소방직 및 군인,SCE,사범대
K000000837,외국어 강사,교육·법률·사회복지·경찰·소방직 및 군인,SCE,광고홍보학
K000000837,외국어 강사,교육·법률·사회복지·경찰·소방직 및 군인,SCE,식품영양학
K000000883,학습지·교육교구 방문강사,교육·법률·사회복지·경찰·소방직 및 군인,SCA,교육학
K000000883,학습지·교육교구 방문강사,교육·법률·사회복지·경찰·소방직 및 군인,SCA,사범대
K000000911,예능 강사,교육·법률·사회복지·경찰·소방직 및 군인,SAC,교육학
K000000911,예능 강사,교육·법률·사회복지·경찰·소방직 및 군인,SAC,사범대
K000000947,문리학원 강사,교육·법률·사회복지·경찰·소방직 및 군인,SIC,교육학
K000000947,문리학원 강사,교육·법률·사회복지·경찰·소방직 및 군인,SIC,사범대
K000000967,기술·기능계강사,교육·법률·사회복지·경찰·소방직 및 군인,SCI,기계공학
K000000967,기술·기능계강사,교육·법률·사회복지·경찰·소방직 및 군인,SCI,간호학
K000000967,기술·기능계강사,교육·법률·사회복지·경찰·소방직 및 군인,SCI,교육학
K000000967,기술·기능계강사,교육·법률·사회복지·경찰·소방직 및 군인,SCI,관광학
K000007539,컴퓨터강사,교육·법률·사회복지·경찰·소방직 및 군인,CSE,컴퓨터공학
K000007539,컴퓨터강사,교육·법률·사회복지·경찰·소방직 및 군인,CSE,전자공학
K000007539,컴퓨터강사,교육·법률·사회복지·경찰·소방직 및 군인,CSE,교육학
K000007539,컴퓨터강사,교육·법률·사회복지·경찰·소방직 및 군인,CSE,사범대
K000001149,교재·교구 및 이러닝전문가,교육·법률·사회복지·경찰·소방직 및 군인,SAC,컴퓨터공학
K000001149,교재·교구 및 이러닝전문가,교육·법률·사회복지·경찰·소방직 및 군인,SAC,수학
K000001149,교재·교구 및 이러닝전문가,교육·법률·사회복지·경찰·소방직 및 군인,SAC,심리학
K000001149,교재·교구 및 이러닝전문가,교육·법률·사회복지·경찰·소방직 및 군인,SAC,영어영문학
K000001149,교재·교구 및 이러닝전문가,교육·법률·사회복지·경찰·소방직 및 군인,SAC,교육학
K000001149,교재·교구 및 이러닝전문가,교육·법률·사회복지·경찰·소방직 및 군인,SAC,신문방송학
K000001221,법무사 및 집행관,교육·법률·사회복지·경찰·소방직 및 군인,ECS,법학
K000001221,법무사 및 집행관,교육·법률·사회복지·경찰·소방직 및 군인,ECS,행정학
K000001221,법무사 및 집행관,교육·법률·사회복지·경찰·소방직 및 군인,ECS,교육학
K000007470,변리사,교육·법률·사회복지·경찰·소방직 및 군인,ICE,전자공학
K000007470,변리사,교육·법률·사회복지·경찰·소방직 및 군인,ICE,기계공학
K000007470,변리사,교육·법률·사회복지·경찰·소방직 및 군인,ICE,화학공학
K000007470,변리사,교육·법률·사회복지·경찰·소방직 및 군인,ICE,건축학
K000007470,변리사,교육·법률·사회복지·경찰·소방직 및 군인,ICE,물리학
K000007470,변리사,교육·법률·사회복지·경찰·소방직 및 군인,ICE,생물학
K000007470,변리사,교육·법률·사회복지·경찰·소방직 및 군인,ICE,약학
K000007470,변리사,교육·법률·사회복지·경찰·소방직 및 군인,ICE,행정학
K000007470,변리사,교육·법률·사회복지·경찰·소방직 및 군인,ICE,교육학
K000007470,변리사,교육·법률·사회복지·경찰·소방직 및 군인,ICE,미술학
K000007482,변호사,교육·법률·사회복지·경찰·소방직 및 군인,ECS,법학
K000007482,변호사,교육·법률·사회복지·경찰·소방직 및 군인,ECS,행정학
K000007482,변호사,교육·법률·사회복지·경찰·소방직 및 군인,ECS,영어영문학
K000007527,판사,교육·법률·사회복지·경찰·소방직 및 군인,SCA,법학
K000007573,검사,교육·법률·사회복지·경찰·소방직 및 군인,SEC,법학
K000001180,법률 관련 사무원,교육·법률·사회복지·경찰·소방직 및 군인,CES,법학
K000001180,법률 관련 사무원,교육·법률·사회복지·경찰·소방직 및 군인,CES,행정학
K000001180,법률 관련 사무원,교육·법률·사회복지·경찰·소방직 및 군인,CES,국어국문학
K000001180,법률 관련 사무원,교육·법률·사회복지·경찰·소방직 및 군인,CES,교육학
K000000857,사회복지사,교육·법률·사회복지·경찰·소방직 및 군인,SCE,사회학
K000000857,사회복지사,교육·법률·사회복지·경찰·소방직 및 군인,SCE,사학
K000000857,사회복지사,교육·법률·사회복지·경찰·소방직 및 군인,SCE,교육학
K000001049,심리상담전문가,교육·법률·사회복지·경찰·소방직 및 군인,SCE,심리학
K000001049,심리상담전문가,교육·법률·사회복지·경찰·소방직 및 군인,SCE,사학
K000001049,심리상담전문가,교육·법률·사회복지·경찰·소방직 및 군인,SCE,교육학
K000007526,청소년지도사,교육·법률·사회복지·경찰·소방직 및 군인,SCE,심리학
K000007526,청소년지도사,교육·법률·사회복지·경찰·소방직 및 군인,SCE,교육학
K000007565,직업상담사,교육·법률·사회복지·경찰·소방직 및 군인,SCE,심리학
K000007565,직업상담사,교육·법률·사회복지·경찰·소방직 및 군인,SCE,사회학
K000007565,직업상담사,교육·법률·사회복지·경찰·소방직 및 군인,SCE,사학
K000007565,직업상담사,교육·법률·사회복지·경찰·소방직 및 군인,SCE,교육학
K000007502,보육교사,교육·법률·사회복지·경찰·소방직 및 군인,SCA,수학
K000007502,보육교사,교육·법률·사회복지·경찰·소방직 및 군인,SCA,사회학
K000007502,보육교사,교육·법률·사회복지·경찰·소방직 및 군인,SCA,교육학
K000007502,보육교사,교육·법률·사회복지·경찰·소방직 및 군인,SCA,사범대
K000007502,보육교사,교육·법률·사회복지·경찰·소방직 및 군인,SCA,음악학
K000007541,생활지도원,교육·법률·사회복지·경찰·소방직 및 군인,SCE,사회학
K000007495,소방관,교육·법률·사회복지·경찰·소방직 및 군인,RCS,교육학
K000007521,경찰관,교육·법률·사회복지·경찰·소방직 및 군인,SCE,행정학
K000007521,경찰관,교육·법률·사회복지·경찰·소방직 및 군인,SCE,심리학
K000007521,경찰관,교육·법률·사회복지·경찰·소방직 및 군인,SCE,사학
K000007521,경찰관,교육·법률·사회복지·경찰·소방직 및 군인,SCE,교육학
K000007540,해양경찰관,교육·법률·사회복지·경찰·소방직 및 군인,CSE,항공우주공학
K000007540,해양경찰관,교육·법률·사회복지·경찰·소방직 및 군인,CSE,수학
K000007540,해양경찰관,교육·법률·사회복지·경찰·소방직 및 군인,CSE,법학
K000007540,해양경찰관,교육·법률·사회복지·경찰·소방직 및 군인,CSE,영어영문학
K000007540,해양경찰관,교육·법률·사회복지·경찰·소방직 및 군인,CSE,교육학
K000007540,해양경찰관,교육·법률·사회복지·경찰·소방직 및 군인,CSE,수산학
K000007570,교도관,교육·법률·사회복지·경찰·소방직 및 군인,SCE,법학
K000007570,교도관,교육·법률·사회복지·경찰·소방직 및 군인,SCE,행정학
K000007570,교도관,교육·법률·사회복지·경찰·소방직 및 군인,SCE,심리학
K000007570,교도관,교육·법률·사회복지·경찰·소방직 및 군인,SCE,사회학
K000007570,교도관,교육·법률·사회복지·경찰·소방직 및 군인,SCE,교육학
K000001175,위관급 장교,교육·법률·사회복지·경찰·소방직 및 군인,SCE,간호학
K000001175,위관급 장교,교육·법률·사회복지·경찰·소방직 및 군인,SCE,심리학
K000001175,위관급 장교,교육·법률·사회복지·경찰·소방직 및 군인,SCE,교육학
K000007508,부사관,교육·법률·사회복지·경찰·소방직 및 군인,CSR,교육학
K000001133,전문의사,보건·의료직,SCE,의학
K000001133,전문의사,보건·의료직,SCE,사학
K000007472,치과의사,보건·의료직,SEC,의학
K000007472,치과의사,보건·의료직,SEC,치의학
K000007472,치과의사,보건·의료직,SEC,교육학
K000007504,일반의사,보건·의료직,SCE,의학
K000007504,일반의사,보건·의료직,SCE,사학
K000007542,한의사,보건·의료직,SCE,의학
K000007542,한의사,보건·의료직,SCE,한의학
K000007542,한의사,보건·의료직,SCE,영어영문학
K000007542,한의사,보건·의료직,SCE,사학
K000007542,한의사,보건·의료직,SCE,철학
K000007542,한의사,보건·의료직,SCE,교육학
K000001011,수의사,보건·의료직,SCI,의학
K000001011,수의사,보건·의료직,SCI,농학
K000000993,약사,보건·의료직,SCE,물리학
K000000993,약사,보건·의료직,SCE,생물학
K000000993,약사,보건·의료직,SCE,의학
K000000993,약사,보건·의료직,SCE,약학
K000000993,약사,보건·의료직,SCE,교육학
K000007474,한약사,보건·의료직,SCE,약학
K000007474,한약사,보건·의료직,SCE,교육학
K000007490,보건교사,보건·의료직,SCI,의학
K000007490,보건교사,보건·의료직,SCI,간호학
K000007494,간호사,보건·의료직,SCI,의학
K000007494,간호사,보건·의료직,SCI,간호학
K000007494,간호사,보건·의료직,SCI,사학
K000001144,영양사,보건·의료직,CES,사학
K000001144,영양사,보건·의료직,CES,교육학
K000001144,영양사,보건·의료직,CES,사범대
K000001144,영양사,보건·의료직,CES,식품영양학
K000000830,치과위생사,보건·의료직,SCR,의학
K000000830,치과위생사,보건·의료직,SCR,치의학
K000000864,재활공학기사(의지보조기기사),보건·의료직,RSC,의학
K000001017,방사선사,보건·의료직,SCR,수학
K000001017,방사선사,보건·의료직,SCR,물리학
K000001017,방사선사,보건·의료직,SCR,의학
K000001088,언어치료사,보건·의료직,SCA,사학
K000001186,청능치료사,보건·의료직,SCA,의학
K000001186,청능치료사,보건·의료직,SCA,간호학
K000001216,예술치료사,보건·의료직,SCA,심리학
K000001216,예술치료사,보건·의료직,SCA,미술학
K000001216,예술치료사,보건·의료직,SCA,음악학
K000007501,물리치료사,보건·의료직,SCR,물리학
K000007501,물리치료사,보건·의료직,SCR,의학
K000007537,작업치료사,보건·의료직,SCE,의학
K000007544,임상병리사,보건·의료직,CIS,생물학
K000007544,임상병리사,보건·의료직,CIS,의학
K000007544,임상병리사,보건·의료직,CIS,교육학
K000007564,놀이치료사,보건·의료직,SCA,심리학
K000007564,놀이치료사,보건·의료직,SCA,사회학
K000007564,놀이치료사,보건·의료직,SCA,교육학
K000007577,치과기공사,보건·의료직,RCS,수학
K000007577,치과기공사,보건·의료직,RCS,의학
K000007577,치과기공사,보건·의료직,RCS,치의학
K000007577,치과기공사,보건·의료직,RCS,교육학
K000007461,응급구조사,보건·의료직,SCR,의학
K000007461,응급구조사,보건·의료직,SCR,교육학
K000007492,보건의료정보관리사,보건·의료직,CSI,컴퓨터공학
K000007492,보건의료정보관리사,보건·의료직,CSI,수학
K000007492,보건의료정보관리사,보건·의료직,CSI,의학
K000007492,보건의료정보관리사,보건·의료직,CSI,경영학
K000007509,안경사,보건·의료직,CSE,수학
K000007547,안마사,보건·의료직,SCE,교육학
K000007576,간호조무사,보건·의료직,SCI,간호학
K000007576,간호조무사,보건·의료직,SCI,교육학
K000000824,번역가,예술·디자인·방송·스포츠직,ACS,컴퓨터공학
K000000824,번역가,예술·디자인·방송·스포츠직,ACS,경영학
K000000824,번역가,예술·디자인·방송·스포츠직,ACS,경제학
K000000824,번역가,예술·디자인·방송·스포츠직,ACS,국어국문학
K000000824,번역가,예술·디자인·방송·스포츠직,ACS,교육학
K000001029,영상시나리오작가,예술·디자인·방송·스포츠직,ACS,국어국문학
K000001029,영상시나리오작가,예술·디자인·방송·스포츠직,ACS,교육학
K000001029,영상시나리오작가,예술·디자인·방송·스포츠직,ACS,연극영화학
K000001051,통역가,예술·디자인·방송·스포츠직,SCA,의학
K000001051,통역가,예술·디자인·방송·스포츠직,SCA,경제학
K000001051,통역가,예술·디자인·방송·스포츠직,SCA,무역학
K000001051,통역가,예술·디자인·방송·스포츠직,SCA,정치외교학
K000001051,통역가,예술·디자인·방송·스포츠직,SCA,영어영문학
K000001051,통역가,예술·디자인·방송·스포츠직,SCA,교육학
K000001169,방송작가,예술·디자인·방송·스포츠직,ASC,화학
K000001169,방송작가,예술·디자인·방송·스포츠직,ASC,국어국문학
K000001169,방송작가,예술·디자인·방송·스포츠직,ASC,교육학
K000001169,방송작가,예술·디자인·방송·스포츠직,ASC,연극영화학
K000001198,출판물기획자,예술·디자인·방송·스포츠직,ACE,컴퓨터공학
K000001198,출판물기획자,예술·디자인·방송·스포츠직,ACE,환경공학
K000001198,출판물기획자,예술·디자인·방송·스포츠직,ACE,산업공학
K000001198,출판물기획자,예술·디자인·방송·스포츠직,ACE,경영학
K000001198,출판물기획자,예술·디자인·방송·스포츠직,ACE,국어국문학
K000001198,출판물기획자,예술·디자인·방송·스포츠직,ACE,영어영문학
K000001198,출판물기획자,예술·디자인·방송·스포츠직,ACE,교육학
K000001198,출판물기획자,예술·디자인·방송·스포츠직,ACE,미술학
K000001198,출판물기획자,예술·디자인·방송·스포츠직,ACE,연극영화학
K000001198,출판물기획자,예술·디자인·방송·스포츠직,ACE,광고홍보학
K000007572,소설가,예술·디자인·방송·스포츠직,ACS,국어국문학
K000007572,소설가,예술·디자인·방송·스포츠직,ACS,교육학
K000000937,신문기자,예술·디자인·방송·스포츠직,ASC,의학
K000000937,신문기자,예술·디자인·방송·스포츠직,ASC,경제학
K000000937,신문기자,예술·디자인·방송·스포츠직,ASC,법학
K000000937,신문기자,예술·디자인·방송·스포츠직,ASC,정치외교학
K000000937,신문기자,예술·디자인·방송·스포츠직,ASC,미술학
K000000937,신문기자,예술·디자인·방송·스포츠직,ASC,연극영화학
K000000937,신문기자,예술·디자인·방송·스포츠직,ASC,신문방송학
K000000966,잡지기자,예술·디자인·방송·스포츠직,ACS,의학
K000000966,잡지기자,예술·디자인·방송·스포츠직,ACS,경제학
K000000966,잡지기자,예술·디자인·방송·스포츠직,ACS,정치외교학
K000001222,방송기자,예술·디자인·방송·스포츠직,ASE,경제학
K000001222,방송기자,예술·디자인·방송·스포츠직,ASE,정치외교학
K000001222,방송기자,예술·디자인·방송·스포츠직,ASE,연극영화학
K000001222,방송기자,예술·디자인·방송·스포츠직,ASE,신문방송학
K000001019,학예사(큐레이터),예술·디자인·방송·스포츠직,ACS,경영학
K000001019,학예사(큐레이터),예술·디자인·방송·스포츠직,ACS,사학
K000001019,학예사(큐레이터),예술·디자인·방송·스포츠직,ACS,교육학
K000001019,학예사(큐레이터),예술·디자인·방송·스포츠직,ACS,미술학
K000001100,기록물관리사(기록물관리전문요원),예술·디자인·방송·스포츠직,CAS,전자공학
K000001100,기록물관리사(기록물관리전문요원),예술·디자인·방송·스포츠직,CAS,법학
K000001100,기록물관리사(기록물관리전문요원),예술·디자인·방송·스포츠직,CAS,행정학
K000001100,기록물관리사(기록물관리전문요원),예술·디자인·방송·스포츠직,CAS,사학
K000001100,기록물관리사(기록물관리전문요원),예술·디자인·방송·스포츠직,CAS,교육학
K000001119,문화재보존원(컨서베이터),예술·디자인·방송·스포츠직,CAI,사학
K000001119,문화재보존원(컨서베이터),예술·디자인·방송·스포츠직,CAI,미술학
K000007532,사서,예술·디자인·방송·스포츠직,CSA,컴퓨터공학
K000007532,사서,예술·디자인·방송·스포츠직,CSA,교육학
K000007532,사서,예술·디자인·방송·스포츠직,CSA,사범대
K000007532,사서,예술·디자인·방송·스포츠직,CSA,미술학
K000000851,지휘자,예술·디자인·방송·스포츠직,ASE,영어영문학
K000000851,지휘자,예술·디자인·방송·스포츠직,ASE,교육학
K000000851,지휘자,예술·디자인·방송·스포츠직,ASE,음악학
K000001007,사진기자 및 사진사,예술·디자인·방송·스포츠직,ACR,컴퓨터공학
K000001007,사진기자 및 사진사,예술·디자인·방송·스포츠직,ACR,경영학
K000001007,사진기자 및 사진사,예술·디자인·방송·스포츠직,ACR,회계학
K000001007,사진기자 및 사진사,예술·디자인·방송·스포츠직,ACR,교육학
K000001007,사진기자 및 사진사,예술·디자인·방송·스포츠직,ACR,미술학
K000001007,사진기자 및 사진사,예술·디자인·방송·스포츠직,ACR,광고홍보학
K000001089,가수,예술·디자인·방송·스포츠직,ASC,컴퓨터공학
K000001089,가수,예술·디자인·방송·스포츠직,ASC,교육학
K000001089,가수,예술·디자인·방송·스포츠직,ASC,음악학
K000001110,국악인,예술·디자인·방송·스포츠직,ASC,교육학
K000001110,국악인,예술·디자인·방송·스포츠직,ASC,음악학
K000001110,국악인,예술·디자인·방송·스포츠직,ASC,연극영화학
K000001181,연주가,예술·디자인·방송·스포츠직,ASC,영어영문학
K000001181,연주가,예술·디자인·방송·스포츠직,ASC,교육학
K000001181,연주가,예술·디자인·방송·스포츠직,ASC,음악학
K000007479,안무가,예술·디자인·방송·스포츠직,ASC,교육학
K000007479,안무가,예술·디자인·방송·스포츠직,ASC,연극영화학
K000007505,성악가,예술·디자인·방송·스포츠직,ASC,영어영문학
K000007505,성악가,예술·디자인·방송·스포츠직,ASC,교육학
K000007505,성악가,예술·디자인·방송·스포츠직,ASC,음악학
K000007546,무용가,예술·디자인·방송·스포츠직,ACS,교육학
K000007546,무용가,예술·디자인·방송·스포츠직,ACS,음악학
K000007583,작곡가,예술·디자인·방송·스포츠직,ACI,영어영문학
K000007583,작곡가,예술·디자인·방송·스포츠직,ACI,교육학
K000007583,작곡가,예술·디자인·방송·스포츠직,ACI,음악학
K000000890,UI/UX디자이너,예술·디자인·방송·스포츠직,ACI,환경공학
K000000890,UI/UX디자이너,예술·디자인·방송·스포츠직,ACI,심리학
K000000890,UI/UX디자이너,예술·디자인·방송·스포츠직,ACI,미술학
K000001000,제품 디자이너,예술·디자인·방송·스포츠직,ASC,컴퓨터공학
K000001000,제품 디자이너,예술·디자인·방송·스포츠직,ASC,기계공학
K000001000,제품 디자이너,예술·디자인·방송·스포츠직,ASC,교육학
K000001000,제품 디자이너,예술·디자인·방송·스포츠직,ASC,미술학
K000001008,패션소품디자이너(의상제외),예술·디자인·방송·스포츠직,ACE,교육학
K000001008,패션소품디자이너(의상제외),예술·디자인·방송·스포츠직,ACE,미술학
K000001060,시각 디자이너,예술·디자인·방송·스포츠직,ACS,컴퓨터공학
K000001060,시각 디자이너,예술·디자인·방송·스포츠직,ACS,미술학
K000001060,시각 디자이너,예술·디자인·방송·스포츠직,ACS,광고홍보학
K000007454,의상디자이너,예술·디자인·방송·스포츠직,AEC,화학공학
K000007454,의상디자이너,예술·디자인·방송·스포츠직,AEC,경영학
K000007454,의상디자이너,예술·디자인·방송·스포츠직,AEC,심리학
K000007454,의상디자이너,예술·디자인·방송·스포츠직,AEC,교육학
K000007454,의상디자이너,예술·디자인·방송·스포츠직,AEC,미술학
K000007459,영상그래픽디자이너,예술·디자인·방송·스포츠직,ACI,컴퓨터공학
K000007459,영상그래픽디자이너,예술·디자인·방송·스포츠직,ACI,기계공학
K000007459,영상그래픽디자이너,예술·디자인·방송·스포츠직,ACI,미술학
K000007459,영상그래픽디자이너,예술·디자인·방송·스포츠직,ACI,연극영화학
K000007459,영상그래픽디자이너,예술·디자인·방송·스포츠직,ACI,신문방송학
K000007463,웹디자이너,예술·디자인·방송·스포츠직,ACS,컴퓨터공학
K000007463,웹디자이너,예술·디자인·방송·스포츠직,ACS,환경공학
K000007463,웹디자이너,예술·디자인·방송·스포츠직,ACS,교육학
K000007463,웹디자이너,예술·디자인·방송·스포츠직,ACS,미술학
K000007463,웹디자이너,예술·디자인·방송·스포츠직,ACS,신문방송학
K000007463,웹디자이너,예술·디자인·방송·스포츠직,ACS,광고홍보학
K000007498,실내장식디자이너,예술·디자인·방송·스포츠직,ACE,건축학
K000007498,실내장식디자이너,예술·디자인·방송·스포츠직,ACE,교육학
K000007498,실내장식디자이너,예술·디자인·방송·스포츠직,ACE,미술학
K000007498,실내장식디자이너,예술·디자인·방송·스포츠직,ACE,연극영화학
K000007567,게임그래픽디자이너,예술·디자인·방송·스포츠직,ASI,컴퓨터공학
K000007567,게임그래픽디자이너,예술·디자인·방송·스포츠직,ASI,의학
K000007567,게임그래픽디자이너,예술·디자인·방송·스포츠직,ASI,교육학
K000007567,게임그래픽디자이너,예술·디자인·방송·스포츠직,ASI,미술학
K000007567,게임그래픽디자이너,예술·디자인·방송·스포츠직,ASI,신문방송학
K000000873,음향 및 녹음 기사,예술·디자인·방송·스포츠직,ACR,전자공학
K000000873,음향 및 녹음 기사,예술·디자인·방송·스포츠직,ACR,교육학
K000000873,음향 및 녹음 기사,예술·디자인·방송·스포츠직,ACR,음악학
K000000873,음향 및 녹음 기사,예술·디자인·방송·스포츠직,ACR,연극영화학
K000000899,영화배우 및 탤런트,예술·디자인·방송·스포츠직,ACE,교육학
K000000899,영화배우 및 탤런트,예술·디자인·방송·스포츠직,ACE,연극영화학
K000000901,연극 및 뮤지컬배우,예술·디자인·방송·스포츠직,ACS,교육학
K000000901,연극 및 뮤지컬배우,예술·디자인·방송·스포츠직,ACS,연극영화학
K000000951,모델,예술·디자인·방송·스포츠직,ASC,연극영화학
K000001099,영상·녹화 및 편집 기사,예술·디자인·방송·스포츠직,ACR,전자공학
K000001099,영상·녹화 및 편집 기사,예술·디자인·방송·스포츠직,ACR,교육학
K000001099,영상·녹화 및 편집 기사,예술·디자인·방송·스포츠직,ACR,연극영화학
K000001126,개그맨 및 코미디언,예술·디자인·방송·스포츠직,ACS,교육학
K000001126,개그맨 및 코미디언,예술·디자인·방송·스포츠직,ACS,연극영화학
K000001138,방송연출가,예술·디자인·방송·스포츠직,AEC,교육학
K000001138,방송연출가,예술·디자인·방송·스포츠직,AEC,체육학
K000001138,방송연출가,예술·디자인·방송·스포츠직,AEC,연극영화학
K000001160,연극영화방송기술감독,예술·디자인·방송·스포츠직,ACE,미술학
K000001160,연극영화방송기술감독,예술·디자인·방송·스포츠직,ACE,연극영화학
K000001161,아나운서,예술·디자인·방송·스포츠직,ASC,국어국문학
K000001161,아나운서,예술·디자인·방송·스포츠직,ASC,영어영문학
K000001161,아나운서,예술·디자인·방송·스포츠직,ASC,교육학
K000001161,아나운서,예술·디자인·방송·스포츠직,ASC,연극영화학
K000001161,아나운서,예술·디자인·방송·스포츠직,ASC,신문방송학
K000001207,리포터,예술·디자인·방송·스포츠직,CAS,국어국문학
K000001207,리포터,예술·디자인·방송·스포츠직,CAS,교육학
K000001207,리포터,예술·디자인·방송·스포츠직,CAS,연극영화학
K000001207,리포터,예술·디자인·방송·스포츠직,CAS,신문방송학
K000007458,영화감독,예술·디자인·방송·스포츠직,AEC,의학
K000007458,영화감독,예술·디자인·방송·스포츠직,AEC,교육학
K000007458,영화감독,예술·디자인·방송·스포츠직,AEC,연극영화학
K000007460,광고영상감독,예술·디자인·방송·스포츠직,AEC,경영학
K000007460,광고영상감독,예술·디자인·방송·스포츠직,AEC,심리학
K000007460,광고영상감독,예술·디자인·방송·스포츠직,AEC,사회학
K000007460,광고영상감독,예술·디자인·방송·스포츠직,AEC,연극영화학
K000007460,광고영상감독,예술·디자인·방송·스포츠직,AEC,신문방송학
K000007460,광고영상감독,예술·디자인·방송·스포츠직,AEC,광고홍보학
K000007473,조명기사,예술·디자인·방송·스포츠직,ARC,전자공학
K000007473,조명기사,예술·디자인·방송·스포츠직,ARC,교육학
K000007473,조명기사,예술·디자인·방송·스포츠직,ARC,연극영화학
K000007476,성우,예술·디자인·방송·스포츠직,ACS,연극영화학
K000007503,연극연출가,예술·디자인·방송·스포츠직,ASE,교육학
K000007503,연극연출가,예술·디자인·방송·스포츠직,ASE,연극영화학
K000007543,촬영기사,예술·디자인·방송·스포츠직,ARC,전자공학
K000007543,촬영기사,예술·디자인·방송·스포츠직,ARC,교육학
K000007543,촬영기사,예술·디자인·방송·스포츠직,ARC,연극영화학
K000000881,공연·영화 및 음반 기획자,예술·디자인·방송·스포츠직,ACE,경영학
K000000881,공연·영화 및 음반 기획자,예술·디자인·방송·스포츠직,ACE,교육학
K000000881,공연·영화 및 음반 기획자,예술·디자인·방송·스포츠직,ACE,연극영화학
K000000881,공연·영화 및 음반 기획자,예술·디자인·방송·스포츠직,ACE,광고홍보학
K000001025,미디어 콘텐츠 창작자(웹방송전문가),예술·디자인·방송·스포츠직,ACS,컴퓨터공학
K000001025,미디어 콘텐츠 창작자(웹방송전문가),예술·디자인·방송·스포츠직,ACS,회계학
K000001025,미디어 콘텐츠 창작자(웹방송전문가),예술·디자인·방송·스포츠직,ACS,교육학
K000001025,미디어 콘텐츠 창작자(웹방송전문가),예술·디자인·방송·스포츠직,ACS,연극영화학
K000001025,미디어 콘텐츠 창작자(웹방송전문가),예술·디자인·방송·스포츠직,ACS,신문방송학
K000001025,미디어 콘텐츠 창작자(웹방송전문가),예술·디자인·방송·스포츠직,ACS,광고홍보학
K000007574,연예인매니저,예술·디자인·방송·스포츠직,ECA,산업공학
K000007574,연예인매니저,예술·디자인·방송·스포츠직,ECA,의학
K000007574,연예인매니저,예술·디자인·방송·스포츠직,ECA,교육학
K000007574,연예인매니저,예술·디자인·방송·스포츠직,ECA,연극영화학
K000007574,연예인매니저,예술·디자인·방송·스포츠직,ECA,광고홍보학
K000000867,직업 운동선수,예술·디자인·방송·스포츠직,SCA,교육학
K000000867,직업 운동선수,예술·디자인·방송·스포츠직,SCA,체육학
K000000957,스포츠강사 및 트레이너,예술·디자인·방송·스포츠직,SCE,체육학
K000000981,레크리에이션전문가,예술·디자인·방송·스포츠직,SAC,미술학
K000000981,레크리에이션전문가,예술·디자인·방송·스포츠직,SAC,연극영화학
K000001027,스포츠 감독 및 코치,예술·디자인·방송·스포츠직,SEC,사범대
K000001027,스포츠 감독 및 코치,예술·디자인·방송·스포츠직,SEC,체육학
K000007507,프로게이머,예술·디자인·방송·스포츠직,CAI,컴퓨터공학
K000007507,프로게이머,예술·디자인·방송·스포츠직,CAI,교육학
K000007507,프로게이머,예술·디자인·방송·스포츠직,CAI,광고홍보학
K000000972,네일아티스트(손톱관리사),미용·여행·숙박·음식·경비·청소직,ASC,교육학
K000001091,피부 및 체형관리사(발관리사포함),미용·여행·숙박·음식·경비·청소직,SCE,교육학
K000001178,메이크업아티스트 및 뷰티매니저,미용·여행·숙박·음식·경비·청소직,ASE,미술학
K000007477,반려동물미용사,미용·여행·숙박·음식·경비·청소직,SRC,경영학
K000007481,미용사,미용·여행·숙박·음식·경비·청소직,SEA,교육학
K000007497,수의사 보조원(동물보건사),미용·여행·숙박·음식·경비·청소직,SCI,의학
K000007497,수의사 보조원(동물보건사),미용·여행·숙박·음식·경비·청소직,SCI,간호학
K000007528,분장사,미용·여행·숙박·음식·경비·청소직,ACS,교육학
K000007528,분장사,미용·여행·숙박·음식·경비·청소직,ACS,연극영화학
K000007528,분장사,미용·여행·숙박·음식·경비·청소직,ACS,광고홍보학
K000007569,이용사,미용·여행·숙박·음식·경비·청소직,SCA,경영학
K000000846,장례 지도사 및 장례 상담원,미용·여행·숙박·음식·경비·청소직,SCE,행정학
K000000846,장례 지도사 및 장례 상담원,미용·여행·숙박·음식·경비·청소직,SCE,교육학
K000001167,혼례 종사원,미용·여행·숙박·음식·경비·청소직,SCA,경영학
K000001093,여행상품 개발자,미용·여행·숙박·음식·경비·청소직,CAE,경영학
K000001093,여행상품 개발자,미용·여행·숙박·음식·경비·청소직,CAE,관광학
K000001187,여행 사무원,미용·여행·숙박·음식·경비·청소직,CSE,경영학
K000001187,여행 사무원,미용·여행·숙박·음식·경비·청소직,CSE,관광학
K000001203,관광 서비스 종사원,미용·여행·숙박·음식·경비·청소직,CSE,경영학
K000001203,관광 서비스 종사원,미용·여행·숙박·음식·경비·청소직,CSE,영어영문학
K000001203,관광 서비스 종사원,미용·여행·숙박·음식·경비·청소직,CSE,사학
K000001203,관광 서비스 종사원,미용·여행·숙박·음식·경비·청소직,CSE,관광학
K000007506,항공기객실승무원,미용·여행·숙박·음식·경비·청소직,SCE,항공우주공학
K000007506,항공기객실승무원,미용·여행·숙박·음식·경비·청소직,SCE,영어영문학
K000007506,항공기객실승무원,미용·여행·숙박·음식·경비·청소직,SCE,교육학
K000000904,숙박시설 서비스 종사원,미용·여행·숙박·음식·경비·청소직,SCA,관광학
K000000979,오락시설 서비스 종사원,미용·여행·숙박·음식·경비·청소직,CSE,교육학
K000000893,음료 조리사(바리스타포함),미용·여행·숙박·음식·경비·청소직,SRC,교육학
K000000893,음료 조리사(바리스타포함),미용·여행·숙박·음식·경비·청소직,SRC,식품영양학
K000001044,바텐더(조주사),미용·여행·숙박·음식·경비·청소직,SCA,경영학
K000001044,바텐더(조주사),미용·여행·숙박·음식·경비·청소직,SCA,경제학
K000001044,바텐더(조주사),미용·여행·숙박·음식·경비·청소직,SCA,교육학
K000001044,바텐더(조주사),미용·여행·숙박·음식·경비·청소직,SCA,관광학
K000001044,바텐더(조주사),미용·여행·숙박·음식·경비·청소직,SCA,식품영양학
K000007450,중식조리사,미용·여행·숙박·음식·경비·청소직,ECS,교육학
K000007450,중식조리사,미용·여행·숙박·음식·경비·청소직,ECS,관광학
K000007450,중식조리사,미용·여행·숙박·음식·경비·청소직,ECS,식품영양학
K000007538,한식조리사,미용·여행·숙박·음식·경비·청소직,CER,교육학
K000007538,한식조리사,미용·여행·숙박·음식·경비·청소직,CER,관광학
K000007538,한식조리사,미용·여행·숙박·음식·경비·청소직,CER,식품영양학
K000007555,양식조리사,미용·여행·숙박·음식·경비·청소직,RCE,교육학
K000007555,양식조리사,미용·여행·숙박·음식·경비·청소직,RCE,관광학
K000007555,양식조리사,미용·여행·숙박·음식·경비·청소직,RCE,식품영양학
K000007556,주방장 및 요리 연구가,미용·여행·숙박·음식·경비·청소직,SEC,관광학
K000007556,주방장 및 요리 연구가,미용·여행·숙박·음식·경비·청소직,SEC,식품영양학
K000007579,일식조리사,미용·여행·숙박·음식·경비·청소직,CSE,교육학
K000007579,일식조리사,미용·여행·숙박·음식·경비·청소직,CSE,관광학
K000007579,일식조리사,미용·여행·숙박·음식·경비·청소직,CSE,식품영양학
K000000913,홀서빙원,미용·여행·숙박·음식·경비·청소직,SCE,교육학
K000000913,홀서빙원,미용·여행·숙박·음식·경비·청소직,SCE,관광학
K000000982,패스트푸드 준비원,미용·여행·숙박·음식·경비·청소직,CSE,교육학
K000001192,주방 보조원(일반음식점),미용·여행·숙박·음식·경비·청소직,CSR,화학공학
K000001192,주방 보조원(일반음식점),미용·여행·숙박·음식·경비·청소직,CSR,교육학
K000001192,주방 보조원(일반음식점),미용·여행·숙박·음식·경비·청소직,CSR,식품영양학
K000001150,시설 및 특수 경비원,미용·여행·숙박·음식·경비·청소직,CSR,컴퓨터공학
K000001150,시설 및 특수 경비원,미용·여행·숙박·음식·경비·청소직,CSR,산업공학
K000001212,청원경찰,미용·여행·숙박·음식·경비·청소직,SCR,법학
K000007549,경호원,미용·여행·숙박·음식·경비·청소직,CSE,심리학
K000007549,경호원,미용·여행·숙박·음식·경비·청소직,CSE,교육학
K000000850,요양 보호사 및 간병인,미용·여행·숙박·음식·경비·청소직,SCE,사회학
K000000850,요양 보호사 및 간병인,미용·여행·숙박·음식·경비·청소직,SCE,교육학
K000000999,세탁원 및 다림질원,미용·여행·숙박·음식·경비·청소직,CRS,기계공학
K000000999,세탁원 및 다림질원,미용·여행·숙박·음식·경비·청소직,CRS,법학
K000000999,세탁원 및 다림질원,미용·여행·숙박·음식·경비·청소직,CRS,교육학
K000001066,청소원,미용·여행·숙박·음식·경비·청소직,CRS,환경공학
K000001066,청소원,미용·여행·숙박·음식·경비·청소직,CRS,교육학
K000001156,환경미화원 및 재활용품 수거원,미용·여행·숙박·음식·경비·청소직,CRS,환경공학
K000001156,환경미화원 및 재활용품 수거원,미용·여행·숙박·음식·경비·청소직,CRS,교육학
K000007566,가사관리사,미용·여행·숙박·음식·경비·청소직,CSE,교육학
K000000854,주차 관리원 및 안내원,미용·여행·숙박·음식·경비·청소직,CSR,산업공학
K000000854,주차 관리원 및 안내원,미용·여행·숙박·음식·경비·청소직,CSR,교육학
K000001204,계기 검침원 및 가스 점검원,미용·여행·숙박·음식·경비·청소직,CSR,교육학
K000007523,검표원,미용·여행·숙박·음식·경비·청소직,CSI,기계공학
K000007536,부동산 컨설턴트 및 중개사,영업·판매·운전·운송직,ECS,교육학
K000000930,제품·광고 영업원,영업·판매·운전·운송직,ESC,광고홍보학
K000000930,제품·광고 영업원,영업·판매·운전·운송직,ESC,관광학
K000000930,제품·광고 영업원,영업·판매·운전·운송직,ESC,식품영양학
K000001004,기술 영업원,영업·판매·운전·운송직,ECS,컴퓨터공학
K000001004,기술 영업원,영업·판매·운전·운송직,ECS,기계공학
K000001195,상품중개인 및 경매사,영업·판매·운전·운송직,CES,교육학
K000001195,상품중개인 및 경매사,영업·판매·운전·운송직,CES,수산학
K000007560,해외영업원,영업·판매·운전·운송직,CEA,컴퓨터공학
K000007560,해외영업원,영업·판매·운전·운송직,CEA,기계공학
K000007560,해외영업원,영업·판매·운전·운송직,CEA,무역학
K000007451,텔레마케터,영업·판매·운전·운송직,CSE,컴퓨터공학
K000007451,텔레마케터,영업·판매·운전·운송직,CSE,회계학
K000007451,텔레마케터,영업·판매·운전·운송직,CSE,법학
K000007451,텔레마케터,영업·판매·운전·운송직,CSE,교육학
K000007451,텔레마케터,영업·판매·운전·운송직,CSE,광고홍보학
K000001143,소규모판매점장,영업·판매·운전·운송직,ESC,의학
K000000827,노점 및 이동 판매원,영업·판매·운전·운송직,ECS,의학
K000000827,노점 및 이동 판매원,영업·판매·운전·운송직,ECS,법학
K000000827,노점 및 이동 판매원,영업·판매·운전·운송직,ECS,교육학
K000000874,주유원,영업·판매·운전·운송직,CRS,교육학
K000001050,상품 대여원,영업·판매·운전·운송직,ECS,기계공학
K000001050,상품 대여원,영업·판매·운전·운송직,ECS,광고홍보학
K000001109,단말기 및 통신 서비스 판매원,영업·판매·운전·운송직,CSE,경영학
K000001128,상점 판매원,영업·판매·운전·운송직,CES,전자공학
K000001128,상점 판매원,영업·판매·운전·운송직,CES,의학
K000001128,상점 판매원,영업·판매·운전·운송직,CES,교육학
K000001154,온라인 쇼핑 판매원,영업·판매·운전·운송직,CES,컴퓨터공학
K000001154,온라인 쇼핑 판매원,영업·판매·운전·운송직,CES,신문방송학
K000001154,온라인 쇼핑 판매원,영업·판매·운전·운송직,CES,광고홍보학
K000007513,방문판매원,영업·판매·운전·운송직,SEC,경영학
K000000952,매장 계산원 및 요금 정산원,영업·판매·운전·운송직,CSE,컴퓨터공학
K000000952,매장 계산원 및 요금 정산원,영업·판매·운전·운송직,CSE,기계공학
K000001092,매표원 및 복권 판매원,영업·판매·운전·운송직,CSE,경영학
K000001218,홍보도우미 및 판촉원(나레이터모델포함),영업·판매·운전·운송직,SEC,영어영문학
K000001218,홍보도우미 및 판촉원(나레이터모델포함),영업·판매·운전·운송직,SEC,교육학
K000001218,홍보도우미 및 판촉원(나레이터모델포함),영업·판매·운전·운송직,SEC,광고홍보학
K000000941,철도 및 전동차 기관사,영업·판매·운전·운송직,CRI,교육학
K000000974,선장 및 항해사·도선사,영업·판매·운전·운송직,CRE,교육학
K000000974,선장 및 항해사·도선사,영업·판매·운전·운송직,CRE,수산학
K000001137,신호원 및 수송원,영업·판매·운전·운송직,CRE,전자공학
K000007552,항공기조종사,영업·판매·운전·운송직,RCI,항공우주공학
K000007552,항공기조종사,영업·판매·운전·운송직,RCI,교육학
K000001164,화물차 및 특수차 운전원,영업·판매·운전·운송직,RCE,기계공학
K000001164,화물차 및 특수차 운전원,영업·판매·운전·운송직,RCE,교육학
K000007465,택시운전원,영업·판매·운전·운송직,CRS,기계공학
K000007465,택시운전원,영업·판매·운전·운송직,CRS,약학
K000007465,택시운전원,영업·판매·운전·운송직,CRS,사범대
K000007468,버스운전원,영업·판매·운전·운송직,RCS,전자공학
K000007468,버스운전원,영업·판매·운전·운송직,RCS,기계공학
K000007468,버스운전원,영업·판매·운전·운송직,RCS,교육학
K000007468,버스운전원,영업·판매·운전·운송직,RCS,관광학
K000001213,크레인 및 호이스트운전원,영업·판매·운전·운송직,RCI,기계공학
K000001213,크레인 및 호이스트운전원,영업·판매·운전·운송직,RCI,건축학
K000001213,크레인 및 호이스트운전원,영업·판매·운전·운송직,RCI,교육학
K000007462,지게차운전원,영업·판매·운전·운송직,RCE,기계공학
K000007462,지게차운전원,영업·판매·운전·운송직,RCE,건축학
K000007462,지게차운전원,영업·판매·운전·운송직,RCE,교육학
K000000884,선박갑판원,영업·판매·운전·운송직,RCI,교육학
K000000884,선박갑판원,영업·판매·운전·운송직,RCI,수산학
K000000954,하역 및 적재 종사원,영업·판매·운전·운송직,RCS,건축학
K000000954,하역 및 적재 종사원,영업·판매·운전·운송직,RCS,의학
K000000954,하역 및 적재 종사원,영업·판매·운전·운송직,RCS,교육학
K000000954,하역 및 적재 종사원,영업·판매·운전·운송직,RCS,광고홍보학
K000007469,선박기관사,영업·판매·운전·운송직,RCI,기계공학
K000007469,선박기관사,영업·판매·운전·운송직,RCI,교육학
K000007469,선박기관사,영업·판매·운전·운송직,RCI,수산학
K000000897,철골공(강구조물건립원),건설·채굴직,RCI,건축학
K000000897,철골공(강구조물건립원),건설·채굴직,RCI,교육학
K000001117,건축 목공(전통건축기능원 포함),건설·채굴직,RCA,건축학
K000001117,건축 목공(전통건축기능원 포함),건설·채굴직,RCA,교육학
K000001208,조적공 및 석재 부설원,건설·채굴직,RCA,건축학
K000001208,조적공 및 석재 부설원,건설·채굴직,RCA,교육학
K000007467,콘크리트공,건설·채굴직,RCI,건축학
K000007467,콘크리트공,건설·채굴직,RCI,교육학
K000007475,건축석공,건설·채굴직,RCA,건축학
K000007475,건축석공,건설·채굴직,RCA,교육학
K000007533,철근공,건설·채굴직,RCI,건축학
K000007533,철근공,건설·채굴직,RCI,교육학
K000000923,단열공,건설·채굴직,RCE,기계공학
K000000923,단열공,건설·채굴직,RCE,건축학
K000000923,단열공,건설·채굴직,RCE,교육학
K000000932,유리부착원,건설·채굴직,RCE,건축학
K000001034,새시 조립 및 설치원,건설·채굴직,RCE,기계공학
K000001034,새시 조립 및 설치원,건설·채굴직,RCE,경영학
K000001034,새시 조립 및 설치원,건설·채굴직,RCE,교육학
K000001038,방수공,건설·채굴직,RCI,건축학
K000001038,방수공,건설·채굴직,RCI,교육학
K000001038,방수공,건설·채굴직,RCI,수산학
K000001053,타일·대리석시공원,건설·채굴직,RCE,건축학
K000001053,타일·대리석시공원,건설·채굴직,RCE,교육학
K000001102,미장공,건설·채굴직,RCI,건축학
K000001102,미장공,건설·채굴직,RCI,교육학
K000001188,도배공,건설·채굴직,REC,건축학
K000007480,건물도장공,건설·채굴직,RCS,건축학
K000000964,건설 배관공,건설·채굴직,RCI,기계공학
K000000964,건설 배관공,건설·채굴직,RCI,건축학
K000000868,건설 및 채굴 기계 운전원,건설·채굴직,RCE,기계공학
K000000868,건설 및 채굴 기계 운전원,건설·채굴직,RCE,건축학
K000000868,건설 및 채굴 기계 운전원,건설·채굴직,RCE,교육학
K000000896,점화·발파·화약관리원,건설·채굴직,RIC,화학공학
K000000896,점화·발파·화약관리원,건설·채굴직,RIC,건축학
K000000896,점화·발파·화약관리원,건설·채굴직,RIC,약학
K000000983,"잠수기능원(잠수부, 구난잠수요원)",건설·채굴직,RCI,교육학
K000000983,"잠수기능원(잠수부, 구난잠수요원)",건설·채굴직,RCI,수산학
K000001062,철로 설치 및 보수원,건설·채굴직,RCI,기계공학
K000001062,철로 설치 및 보수원,건설·채굴직,RCI,화학공학
K000001062,철로 설치 및 보수원,건설·채굴직,RCI,건축학
K000001062,철로 설치 및 보수원,건설·채굴직,RCI,환경공학
K000001062,철로 설치 및 보수원,건설·채굴직,RCI,산업공학
K000001111,광원 채석원 및 석재 절단원,건설·채굴직,RCI,기계공학
K000001111,광원 채석원 및 석재 절단원,건설·채굴직,RCI,화학공학
K000001111,광원 채석원 및 석재 절단원,건설·채굴직,RCI,건축학
K000001111,광원 채석원 및 석재 절단원,건설·채굴직,RCI,교육학
K000001096,건설 및 채굴 단순 종사원,건설·채굴직,RCI,건축학
K000001096,건설 및 채굴 단순 종사원,건설·채굴직,RCI,의학
K000001096,건설 및 채굴 단순 종사원,건설·채굴직,RCI,교육학
K000000885,승강기 설치 및 정비원,설치·정비·생산직,RCI,컴퓨터공학
K000000885,승강기 설치 및 정비원,설치·정비·생산직,RCI,기계공학
K000000885,승강기 설치 및 정비원,설치·정비·생산직,RCI,건축학
K000000885,승강기 설치 및 정비원,설치·정비·생산직,RCI,산업공학
K000000885,승강기 설치 및 정비원,설치·정비·생산직,RCI,교육학
K000000886,냉동·냉장·공조기 설치 및 정비원,설치·정비·생산직,RCI,컴퓨터공학
K000000886,냉동·냉장·공조기 설치 및 정비원,설치·정비·생산직,RCI,기계공학
K000000886,냉동·냉장·공조기 설치 및 정비원,설치·정비·생산직,RCI,건축학
K000000886,냉동·냉장·공조기 설치 및 정비원,설치·정비·생산직,RCI,산업공학
K000000886,냉동·냉장·공조기 설치 및 정비원,설치·정비·생산직,RCI,교육학
K000001023,공업기계 설치 및 정비원,설치·정비·생산직,RCI,컴퓨터공학
K000001023,공업기계 설치 및 정비원,설치·정비·생산직,RCI,기계공학
K000001023,공업기계 설치 및 정비원,설치·정비·생산직,RCI,건축학
K000001023,공업기계 설치 및 정비원,설치·정비·생산직,RCI,산업공학
K000001023,공업기계 설치 및 정비원,설치·정비·생산직,RCI,교육학
K000001031,보일러 설치 및 정비원,설치·정비·생산직,RCE,기계공학
K000001031,보일러 설치 및 정비원,설치·정비·생산직,RCE,건축학
K000001031,보일러 설치 및 정비원,설치·정비·생산직,RCE,환경공학
K000001043,농업용·기타 기계장비 설치 및 정비원,설치·정비·생산직,RCI,기계공학
K000001043,농업용·기타 기계장비 설치 및 정비원,설치·정비·생산직,RCI,교육학
K000001043,농업용·기타 기계장비 설치 및 정비원,설치·정비·생산직,RCI,농학
K000001107,크레인 및 지게차 설치 및 정비원,설치·정비·생산직,RCS,컴퓨터공학
K000001107,크레인 및 지게차 설치 및 정비원,설치·정비·생산직,RCS,기계공학
K000001107,크레인 및 지게차 설치 및 정비원,설치·정비·생산직,RCS,건축학
K000001107,크레인 및 지게차 설치 및 정비원,설치·정비·생산직,RCS,산업공학
K000001107,크레인 및 지게차 설치 및 정비원,설치·정비·생산직,RCS,교육학
K000001211,건설·광업용기계설치 및 정비원,설치·정비·생산직,RCI,컴퓨터공학
K000001211,건설·광업용기계설치 및 정비원,설치·정비·생산직,RCI,기계공학
K000001211,건설·광업용기계설치 및 정비원,설치·정비·생산직,RCI,건축학
K000001211,건설·광업용기계설치 및 정비원,설치·정비·생산직,RCI,산업공학
K000001211,건설·광업용기계설치 및 정비원,설치·정비·생산직,RCI,교육학
K000000822,항공기 정비원,설치·정비·생산직,RCI,산업공학
K000000822,항공기 정비원,설치·정비·생산직,RCI,항공우주공학
K000000822,항공기 정비원,설치·정비·생산직,RCI,교육학
K000000976,선박 정비원,설치·정비·생산직,RIC,기계공학
K000001030,철도기관차 및 전동차 정비원,설치·정비·생산직,RCI,기계공학
K000001030,철도기관차 및 전동차 정비원,설치·정비·생산직,RCI,화학공학
K000001030,철도기관차 및 전동차 정비원,설치·정비·생산직,RCI,교육학
K000001030,철도기관차 및 전동차 정비원,설치·정비·생산직,RCI,연극영화학
K000001070,자동차 정비원,설치·정비·생산직,RCE,기계공학
K000001070,자동차 정비원,설치·정비·생산직,RCE,교육학
K000001112,금속 공작기계 조작원,설치·정비·생산직,RCI,컴퓨터공학
K000001112,금속 공작기계 조작원,설치·정비·생산직,RCI,기계공학
K000001112,금속 공작기계 조작원,설치·정비·생산직,RCI,화학공학
K000001112,금속 공작기계 조작원,설치·정비·생산직,RCI,수학
K000001112,금속 공작기계 조작원,설치·정비·생산직,RCI,교육학
K000001223,금형원,설치·정비·생산직,RIC,컴퓨터공학
K000001223,금형원,설치·정비·생산직,RIC,기계공학
K000001223,금형원,설치·정비·생산직,RIC,화학공학
K000001223,금형원,설치·정비·생산직,RIC,교육학
K000001013,냉·난방 관련 설비 조작원,설치·정비·생산직,RCI,기계공학
K000001013,냉·난방 관련 설비 조작원,설치·정비·생산직,RCI,건축학
K000001013,냉·난방 관련 설비 조작원,설치·정비·생산직,RCI,산업공학
K000001076,자동조립라인 및 산업용로봇 조작원,설치·정비·생산직,RCI,컴퓨터공학
K000001076,자동조립라인 및 산업용로봇 조작원,설치·정비·생산직,RCI,기계공학
K000001076,자동조립라인 및 산업용로봇 조작원,설치·정비·생산직,RCI,수학
K000001076,자동조립라인 및 산업용로봇 조작원,설치·정비·생산직,RCI,교육학
K000000871,일반기계 조립원,설치·정비·생산직,RCI,전자공학
K000000871,일반기계 조립원,설치·정비·생산직,RCI,기계공학
K000000871,일반기계 조립원,설치·정비·생산직,RCI,건축학
K000000871,일반기계 조립원,설치·정비·생산직,RCI,교육학
K000000858,자동차부품조립·검사원,설치·정비·생산직,RCI,기계공학
K000000858,자동차부품조립·검사원,설치·정비·생산직,RCI,교육학
K000000909,운송장비 조립원,설치·정비·생산직,RCI,전자공학
K000000909,운송장비 조립원,설치·정비·생산직,RCI,기계공학
K000000909,운송장비 조립원,설치·정비·생산직,RCI,교육학
K000007548,자동차조립원,설치·정비·생산직,RCI,기계공학
K000007548,자동차조립원,설치·정비·생산직,RCI,교육학
K000000945,금속가공 기계 조작원,설치·정비·생산직,RCI,기계공학
K000000945,금속가공 기계 조작원,설치·정비·생산직,RCI,화학공학
K000000945,금속가공 기계 조작원,설치·정비·생산직,RCI,교육학
K000001165,금속가공 제어장치 조작원(용광로·용해로·금속가열로),설치·정비·생산직,RCI,컴퓨터공학
K000001165,금속가공 제어장치 조작원(용광로·용해로·금속가열로),설치·정비·생산직,RCI,기계공학
K000001165,금속가공 제어장치 조작원(용광로·용해로·금속가열로),설치·정비·생산직,RCI,화학공학
K000001165,금속가공 제어장치 조작원(용광로·용해로·금속가열로),설치·정비·생산직,RCI,교육학
K000000821,제관원(제관기조작원),설치·정비·생산직,RCI,컴퓨터공학
K000000821,제관원(제관기조작원),설치·정비·생산직,RCI,기계공학
K000000821,제관원(제관기조작원),설치·정비·생산직,RCI,화학공학
K000000823,판금원(판금기조작원),설치·정비·생산직,RCI,컴퓨터공학
K000000823,판금원(판금기조작원),설치·정비·생산직,RCI,기계공학
K000000823,판금원(판금기조작원),설치·정비·생산직,RCI,화학공학
K000000823,판금원(판금기조작원),설치·정비·생산직,RCI,항공우주공학
K000001006,주조원(주조기조작원),설치·정비·생산직,RCI,화학공학
K000001148,단조원(단조기조작원),설치·정비·생산직,RCI,기계공학
K000001148,단조원(단조기조작원),설치·정비·생산직,RCI,화학공학
K000001055,용접원(용접기조작원),설치·정비·생산직,RCI,기계공학
K000001055,용접원(용접기조작원),설치·정비·생산직,RCI,화학공학
K000000831,도장원(도장기조작원),설치·정비·생산직,RCI,기계공학
K000000831,도장원(도장기조작원),설치·정비·생산직,RCI,화학공학
K000000831,도장원(도장기조작원),설치·정비·생산직,RCI,건축학
K000000962,도금 및 금속 분무기 조작원,설치·정비·생산직,RCI,기계공학
K000000962,도금 및 금속 분무기 조작원,설치·정비·생산직,RCI,화학공학
K000000962,도금 및 금속 분무기 조작원,설치·정비·생산직,RCI,건축학
K000000828,시멘트 및 광물제품 생산기계 조작원,설치·정비·생산직,RCI,컴퓨터공학
K000000828,시멘트 및 광물제품 생산기계 조작원,설치·정비·생산직,RCI,기계공학
K000000828,시멘트 및 광물제품 생산기계 조작원,설치·정비·생산직,RCI,화학공학
K000000828,시멘트 및 광물제품 생산기계 조작원,설치·정비·생산직,RCI,교육학
K000001037,유리·유리제품 생산기계 조작원,설치·정비·생산직,RCA,컴퓨터공학
K000001037,유리·유리제품 생산기계 조작원,설치·정비·생산직,RCA,기계공학
K000001037,유리·유리제품 생산기계 조작원,설치·정비·생산직,RCA,화학공학
K000001037,유리·유리제품 생산기계 조작원,설치·정비·생산직,RCA,교육학
K000001174,점토제품 생산기계 조작원,설치·정비·생산직,RAC,컴퓨터공학
K000001174,점토제품 생산기계 조작원,설치·정비·생산직,RAC,화학공학
K000001174,점토제품 생산기계 조작원,설치·정비·생산직,RAC,교육학
K000001197,광석 및 석제품 생산기계 조작원,설치·정비·생산직,RCA,컴퓨터공학
K000001197,광석 및 석제품 생산기계 조작원,설치·정비·생산직,RCA,기계공학
K000001197,광석 및 석제품 생산기계 조작원,설치·정비·생산직,RCA,화학공학
K000001197,광석 및 석제품 생산기계 조작원,설치·정비·생산직,RCA,교육학
K000001083,외선 전기공,설치·정비·생산직,RCI,경영학
K000001095,내선 전기공(건물내전기공사원),설치·정비·생산직,RCI,건축학
K000001158,산업 전기공(항공기·선박·철도기관차·전동차전기공),설치·정비·생산직,RCI,항공우주공학
K000000961,사무용 전자기기 설치 및 수리원(컴퓨터제외),설치·정비·생산직,RCE,컴퓨터공학
K000000961,사무용 전자기기 설치 및 수리원(컴퓨터제외),설치·정비·생산직,RCE,전자공학
K000000961,사무용 전자기기 설치 및 수리원(컴퓨터제외),설치·정비·생산직,RCE,교육학
K000001098,가전제품 설치 및 수리원,설치·정비·생산직,RCS,전자공학
K000001098,가전제품 설치 및 수리원,설치·정비·생산직,RCS,법학
K000001098,가전제품 설치 및 수리원,설치·정비·생산직,RCS,교육학
K000001087,발전 및 배전 장치 조작원,설치·정비·생산직,RCI,기계공학
K000001087,발전 및 배전 장치 조작원,설치·정비·생산직,RCI,화학
K000001118,전기 및 전자설비 조작원,설치·정비·생산직,RCI,컴퓨터공학
K000001118,전기 및 전자설비 조작원,설치·정비·생산직,RCI,전자공학
K000001118,전기 및 전자설비 조작원,설치·정비·생산직,RCI,기계공학
K000001118,전기 및 전자설비 조작원,설치·정비·생산직,RCI,교육학
K000000917,전자 부품 및 제품 생산기계 조작원,설치·정비·생산직,RCI,컴퓨터공학
K000000917,전자 부품 및 제품 생산기계 조작원,설치·정비·생산직,RCI,전자공학
K000000917,전자 부품 및 제품 생산기계 조작원,설치·정비·생산직,RCI,기계공학
K000000917,전자 부품 및 제품 생산기계 조작원,설치·정비·생산직,RCI,교육학
K000000927,전기 부품 및 제품 생산기계 조작원,설치·정비·생산직,RCI,컴퓨터공학
K000000927,전기 부품 및 제품 생산기계 조작원,설치·정비·생산직,RCI,전자공학
K000000927,전기 부품 및 제품 생산기계 조작원,설치·정비·생산직,RCI,기계공학
K000000927,전기 부품 및 제품 생산기계 조작원,설치·정비·생산직,RCI,교육학
K000001135,전기·전자 부품 및 제품 조립원,설치·정비·생산직,RCI,전자공학
K000001135,전기·전자 부품 및 제품 조립원,설치·정비·생산직,RCI,기계공학
K000001135,전기·전자 부품 및 제품 조립원,설치·정비·생산직,RCI,교육학
K000000963,컴퓨터 설치 및 수리원,설치·정비·생산직,CRI,컴퓨터공학
K000000963,컴퓨터 설치 및 수리원,설치·정비·생산직,CRI,전자공학
K000000963,컴퓨터 설치 및 수리원,설치·정비·생산직,CRI,의학
K000000963,컴퓨터 설치 및 수리원,설치·정비·생산직,CRI,영어영문학
K000000963,컴퓨터 설치 및 수리원,설치·정비·생산직,CRI,교육학
K000001121,이동전화기 수리원,설치·정비·생산직,RCI,컴퓨터공학
K000001121,이동전화기 수리원,설치·정비·생산직,RCI,전자공학
K000001121,이동전화기 수리원,설치·정비·생산직,RCI,교육학
K000000958,방송 관련 장비 설치 및 수리원,설치·정비·생산직,RCI,전자공학
K000000958,방송 관련 장비 설치 및 수리원,설치·정비·생산직,RCI,교육학
K000000958,방송 관련 장비 설치 및 수리원,설치·정비·생산직,RCI,연극영화학
K000001039,통신 관련 장비 설치 및 수리원,설치·정비·생산직,RCI,전자공학
K000001039,통신 관련 장비 설치 및 수리원,설치·정비·생산직,RCI,무역학
K000001039,통신 관련 장비 설치 및 수리원,설치·정비·생산직,RCI,교육학
K000001039,통신 관련 장비 설치 및 수리원,설치·정비·생산직,RCI,연극영화학
K000001039,통신 관련 장비 설치 및 수리원,설치·정비·생산직,RCI,신문방송학
K000001075,방송·통신·인터넷 케이블 설치 및 수리원,설치·정비·생산직,RCI,전자공학
K000001075,방송·통신·인터넷 케이블 설치 및 수리원,설치·정비·생산직,RCI,교육학
K000001075,방송·통신·인터넷 케이블 설치 및 수리원,설치·정비·생산직,RCI,연극영화학
K000001009,석유 및 천연가스 제조 관련 제어 장치 조작원,설치·정비·생산직,RCI,기계공학
K000001009,석유 및 천연가스 제조 관련 제어 장치 조작원,설치·정비·생산직,RCI,화학공학
K000001009,석유 및 천연가스 제조 관련 제어 장치 조작원,설치·정비·생산직,RCI,수학
K000001009,석유 및 천연가스 제조 관련 제어 장치 조작원,설치·정비·생산직,RCI,물리학
K000001009,석유 및 천연가스 제조 관련 제어 장치 조작원,설치·정비·생산직,RCI,화학
K000001009,석유 및 천연가스 제조 관련 제어 장치 조작원,설치·정비·생산직,RCI,교육학
K000001054,화학물 가공 장치 조작원,설치·정비·생산직,RCI,기계공학
K000001054,화학물 가공 장치 조작원,설치·정비·생산직,RCI,화학공학
K000001054,화학물 가공 장치 조작원,설치·정비·생산직,RCI,수학
K000001054,화학물 가공 장치 조작원,설치·정비·생산직,RCI,물리학
K000001054,화학물 가공 장치 조작원,설치·정비·생산직,RCI,화학
K000001054,화학물 가공 장치 조작원,설치·정비·생산직,RCI,교육학
K000000986,화학제품 생산기계 조작원,설치·정비·생산직,RIC,기계공학
K000000986,화학제품 생산기계 조작원,설치·정비·생산직,RIC,화학공학
K000000986,화학제품 생산기계 조작원,설치·정비·생산직,RIC,환경공학
K000001047,고무 및 플라스틱제품 조립원,설치·정비·생산직,RCS,전자공학
K000001047,고무 및 플라스틱제품 조립원,설치·정비·생산직,RCS,기계공학
K000001047,고무 및 플라스틱제품 조립원,설치·정비·생산직,RCS,교육학
K000001124,플라스틱제품 생산기계 조작원,설치·정비·생산직,RCI,기계공학
K000001124,플라스틱제품 생산기계 조작원,설치·정비·생산직,RCI,화학공학
K000001124,플라스틱제품 생산기계 조작원,설치·정비·생산직,RCI,환경공학
K000001152,타이어 및 고무제품 생산기계 조작원,설치·정비·생산직,RCI,기계공학
K000001152,타이어 및 고무제품 생산기계 조작원,설치·정비·생산직,RCI,화학공학
K000001152,타이어 및 고무제품 생산기계 조작원,설치·정비·생산직,RCI,환경공학
K000000916,상하수도 처리장치 조작원,설치·정비·생산직,RCI,기계공학
K000000916,상하수도 처리장치 조작원,설치·정비·생산직,RCI,환경공학
K000001003,재활용 처리장치 및 소각로 조작원,설치·정비·생산직,RCI,기계공학
K000001003,재활용 처리장치 및 소각로 조작원,설치·정비·생산직,RCI,환경공학
K000000839,표백 및 염색기 조작원,설치·정비·생산직,RCI,기계공학
K000000839,표백 및 염색기 조작원,설치·정비·생산직,RCI,교육학
K000001072,"섬유 제조기계 조작원(방적,방사,연사,합사,권사기등)",설치·정비·생산직,RCI,기계공학
K000001072,"섬유 제조기계 조작원(방적,방사,연사,합사,권사기등)",설치·정비·생산직,RCI,영어영문학
K000001072,"섬유 제조기계 조작원(방적,방사,연사,합사,권사기등)",설치·정비·생산직,RCI,교육학
K000001145,직조기 및 편직기 조작원,설치·정비·생산직,RCA,교육학
K000000848,재봉사,설치·정비·생산직,ARC,교육학
K000001122,재단사,설치·정비·생산직,ACR,교육학
K000001182,패턴사,설치·정비·생산직,ARC,기계공학
K000001182,패턴사,설치·정비·생산직,ARC,미술학
K000000965,의복·가죽 및 모피 수선원,설치·정비·생산직,CRE,경영학
K000001115,양장 및 양복 제조원,설치·정비·생산직,ASE,경제학
K000001115,양장 및 양복 제조원,설치·정비·생산직,ASE,미술학
K000007457,한복제조원,설치·정비·생산직,ACS,미술학
K000001015,신발 제조기계 조작원,설치·정비·생산직,RCA,기계공학
K000001015,신발 제조기계 조작원,설치·정비·생산직,RCA,교육학
K000001033,제화원,설치·정비·생산직,RAC,기계공학
K000001033,제화원,설치·정비·생산직,RAC,미술학
K000001057,세탁 기계 조작원,설치·정비·생산직,RCS,기계공학
K000001057,세탁 기계 조작원,설치·정비·생산직,RCS,교육학
K000000861,제과·제빵원,설치·정비·생산직,CRS,교육학
K000000861,제과·제빵원,설치·정비·생산직,CRS,식품영양학
K000000841,김치 및 밑반찬 제조 종사원,설치·정비·생산직,CES,화학공학
K000001105,식품 및 담배 등급원,설치·정비·생산직,CIR,식품영양학
K000001209,정육원 가공원 및 도축원,설치·정비·생산직,RCE,식품영양학
K000000905,음료 제조 관련 기계 조작원,설치·정비·생산직,RCI,기계공학
K000000905,음료 제조 관련 기계 조작원,설치·정비·생산직,RCI,교육학
K000000905,음료 제조 관련 기계 조작원,설치·정비·생산직,RCI,식품영양학
K000001016,곡물가공 제품 기계 조작원,설치·정비·생산직,RCI,기계공학
K000001016,곡물가공 제품 기계 조작원,설치·정비·생산직,RCI,교육학
K000001016,곡물가공 제품 기계 조작원,설치·정비·생산직,RCI,식품영양학
K000001024,제분 및 도정 관련 기계 조작원,설치·정비·생산직,RCI,기계공학
K000001024,제분 및 도정 관련 기계 조작원,설치·정비·생산직,RCI,교육학
K000001024,제분 및 도정 관련 기계 조작원,설치·정비·생산직,RCI,식품영양학
K000001045,과실 및 채소가공 관련 기계 조작원,설치·정비·생산직,RCI,기계공학
K000001045,과실 및 채소가공 관련 기계 조작원,설치·정비·생산직,RCI,교육학
K000001045,과실 및 채소가공 관련 기계 조작원,설치·정비·생산직,RCI,식품영양학
K000001166,육류·어패류 및 낙농품 가공 기계 조작원,설치·정비·생산직,RCI,기계공학
K000001166,육류·어패류 및 낙농품 가공 기계 조작원,설치·정비·생산직,RCI,교육학
K000001166,육류·어패류 및 낙농품 가공 기계 조작원,설치·정비·생산직,RCI,식품영양학
K000000880,사진 인화 및 현상기 조작원,설치·정비·생산직,RCA,기계공학
K000000880,사진 인화 및 현상기 조작원,설치·정비·생산직,RCA,미술학
K000000880,사진 인화 및 현상기 조작원,설치·정비·생산직,RCA,연극영화학
K000000880,사진 인화 및 현상기 조작원,설치·정비·생산직,RCA,신문방송학
K000000880,사진 인화 및 현상기 조작원,설치·정비·생산직,RCA,광고홍보학
K000000988,인쇄 관련 기계 조작원,설치·정비·생산직,RCI,전자공학
K000000988,인쇄 관련 기계 조작원,설치·정비·생산직,RCI,미술학
K000000988,인쇄 관련 기계 조작원,설치·정비·생산직,RCI,신문방송학
K000000943,종이제품 생산기계 조작원,설치·정비·생산직,RCI,기계공학
K000001078,목재 가공 관련 기계 조작원,설치·정비·생산직,RCA,기계공학
K000001199,펄프 및 종이 제조 장치 조작원,설치·정비·생산직,RCI,기계공학
K000000971,가구 조립원,설치·정비·생산직,RCA,경영학
K000000996,가구 제조 및 수리원,설치·정비·생산직,RCE,경영학
K000000882,귀금속 및 보석 세공원,설치·정비·생산직,ARC,교육학
K000001077,공예원,설치·정비·생산직,ACR,화학공학
K000001077,공예원,설치·정비·생산직,ACR,교육학
K000001077,공예원,설치·정비·생산직,ACR,미술학
K000000894,악기 제조원 및 조율사,설치·정비·생산직,RCI,음악학
K000001005,주입·포장 및 상표부착 기계 조작원,설치·정비·생산직,RCS,기계공학
K000001020,간판 제작 및 설치원,설치·정비·생산직,RAC,화학공학
K000001020,간판 제작 및 설치원,설치·정비·생산직,RAC,미술학
K000001020,간판 제작 및 설치원,설치·정비·생산직,RAC,광고홍보학
K000000842,육묘 및 화훼작물재배자,농림어업직,RCE,기계공학
K000000842,육묘 및 화훼작물재배자,농림어업직,RCE,교육학
K000000842,육묘 및 화훼작물재배자,농림어업직,RCE,농학
K000000907,채소 및 특용작물 재배원,농림어업직,RCE,컴퓨터공학
K000000907,채소 및 특용작물 재배원,농림어업직,RCE,기계공학
K000000907,채소 및 특용작물 재배원,농림어업직,RCE,환경공학
K000000907,채소 및 특용작물 재배원,농림어업직,RCE,교육학
K000000907,채소 및 특용작물 재배원,농림어업직,RCE,농학
K000001035,조경원,농림어업직,RAC,건축학
K000001035,조경원,농림어업직,RAC,환경공학
K000001035,조경원,농림어업직,RAC,경영학
K000001035,조경원,농림어업직,RAC,농학
K000007484,곡식작물재배원,농림어업직,REI,컴퓨터공학
K000007484,곡식작물재배원,농림어업직,REI,기계공학
K000007484,곡식작물재배원,농림어업직,REI,환경공학
K000007484,곡식작물재배원,농림어업직,REI,경제학
K000007484,곡식작물재배원,농림어업직,REI,교육학
K000007484,곡식작물재배원,농림어업직,REI,농학
K000007486,과수작물재배원,농림어업직,REC,컴퓨터공학
K000007486,과수작물재배원,농림어업직,REC,기계공학
K000007486,과수작물재배원,농림어업직,REC,환경공학
K000007486,과수작물재배원,농림어업직,REC,교육학
K000007486,과수작물재배원,농림어업직,REC,농학
K000000902,낙농 관련 종사원,농림어업직,REC,교육학
K000000902,낙농 관련 종사원,농림어업직,REC,농학
K000000935,가축 사육 종사원,농림어업직,REC,경영학
K000000935,가축 사육 종사원,농림어업직,REC,교육학
K000000935,가축 사육 종사원,농림어업직,REC,농학
K000000935,가축 사육 종사원,농림어업직,REC,식품영양학
K000000869,조림·산림경영인 및 벌목원,농림어업직,CRI,기계공학
K000000869,조림·산림경영인 및 벌목원,농림어업직,CRI,교육학
K000000869,조림·산림경영인 및 벌목원,농림어업직,CRI,농학
K000000926,어부 및 해녀,농림어업직,REC,생물학
K000000926,어부 및 해녀,농림어업직,REC,교육학
K000000926,어부 및 해녀,농림어업직,REC,수산학
K000001056,양식원,농림어업직,RCI,생물학
K000001056,양식원,농림어업직,RCI,교육학
K000001056,양식원,농림어업직,RCI,수산학
