major,required_subject
컴퓨터공학,수학Ⅰ
컴퓨터공학,수학Ⅱ
컴퓨터공학,미적분
컴퓨터공학,확률과 통계
컴퓨터공학,정보
컴퓨터공학,물리학Ⅰ
전자공학,수학Ⅰ
전자공학,수학Ⅱ
전자공학,미적분
전자공학,물리학Ⅰ
전자공학,물리학Ⅱ
전자공학,정보
기계공학,수학Ⅰ
기계공학,수학Ⅱ
기계공학,미적분
기계공학,기하
기계공학,물리학Ⅰ
기계공학,물리학Ⅱ
기계공학,공학일반
화학공학,수학Ⅰ
화학공학,수학Ⅱ
화학공학,미적분
화학공학,화학Ⅰ
화학공학,화학Ⅱ
화학공학,물리학Ⅰ
건축학,수학Ⅰ
건축학,수학Ⅱ
건축학,미적분
건축학,물리학Ⅰ
건축학,미술
건축학,기하
생명공학,생명과학Ⅰ
생명공학,생명과학Ⅱ
생명공학,화학Ⅰ
생명공학,수학Ⅰ
생명공학,수학Ⅱ
환경공학,화학Ⅰ
환경공학,생명과학Ⅰ
환경공학,지구과학Ⅰ
환경공학,수학Ⅰ
산업공학,수학Ⅰ
산업공학,수학Ⅱ
산업공학,미적분
산업공학,확률과 통계
산업공학,정보
항공우주공학,수학Ⅰ
항공우주공학,수학Ⅱ
항공우주공학,미적분
항공우주공학,기하
항공우주공학,물리학Ⅰ
항공우주공학,물리학Ⅱ
수학,수학Ⅰ
수학,수학Ⅱ
수학,미적분
수학,기하
수학,확률과 통계
물리학,물리학Ⅰ
물리학,물리학Ⅱ
물리학,수학Ⅰ
물리학,수학Ⅱ
물리학,미적분
화학,화학Ⅰ
화학,화학Ⅱ
화학,수학Ⅰ
화학,수학Ⅱ
화학,물리학Ⅰ
생물학,생명과학Ⅰ
생물학,생명과학Ⅱ
생물학,화학Ⅰ
생물학,수학Ⅰ
의학,생명과학Ⅰ
의학,생명과학Ⅱ
의학,화학Ⅰ
의학,화학Ⅱ
의학,물리학Ⅰ
의학,수학Ⅰ
의학,수학Ⅱ
간호학,생명과학Ⅰ
간호학,화학Ⅰ
간호학,수학Ⅰ
간호학,영어Ⅰ
약학,화학Ⅰ
약학,화학Ⅱ
약학,생명과학Ⅰ
약학,수학Ⅰ
약학,수학Ⅱ
약학,미적분
치의학,생명과학Ⅰ
치의학,화학Ⅰ
치의학,물리학Ⅰ
치의학,수학Ⅰ
한의학,생명과학Ⅰ
한의학,화학Ⅰ
한의학,수학Ⅰ
한의학,한문
경영학,수학Ⅰ
경영학,수학Ⅱ
경영학,확률과 통계
경영학,영어Ⅰ
경영학,사회·문화
경제학,수학Ⅰ
경제학,수학Ⅱ
경제학,미적분
경제학,확률과 통계
경제학,경제
회계학,수학Ⅰ
회계학,확률과 통계
회계학,경제
회계학,영어Ⅰ
무역학,영어Ⅰ
무역학,영어Ⅱ
무역학,경제
무역학,사회·문화
금융학,수학Ⅰ
금융학,수학Ⅱ
금융학,확률과 통계
금융학,경제
법학,사회·문화
법학,정치와 법
법학,생활과 윤리
법학,한국사
법학,영어Ⅰ
행정학,사회·문화
행정학,정치와 법
행정학,한국사
행정학,경제
심리학,생명과학Ⅰ
심리학,사회·문화
심리학,수학Ⅰ
심리학,확률과 통계
사회학,사회·문화
사회학,생활과 윤리
사회학,한국사
정치외교학,정치와 법
정치외교학,세계사
정치외교학,영어Ⅰ
정치외교학,사회·문화
국어국문학,문학
국어국문학,독서
국어국문학,언어와 매체
국어국문학,한국사
영어영문학,영어Ⅰ
영어영문학,영어Ⅱ
영어영문학,영어 회화
영어영문학,문학
사학,한국사
사학,세계사
사학,동아시아사
사학,사회·문화
철학,생활과 윤리
철학,윤리와 사상
철학,논리학
교육학,사회·문화
교육학,심리학
교육학,영어Ⅰ
교육학,수학Ⅰ
사범대,해당 전공 교과
사범대,교육학
사범대,영어Ⅰ
미술학,미술
미술학,미술 창작
미술학,미술 감상과 비평
음악학,음악
음악학,음악 연주
음악학,음악 감상과 비평
체육학,체육
체육학,스포츠 생활
체육학,운동과 건강
연극영화학,연극
연극영화학,영화
연극영화학,문학
연극영화학,미술
신문방송학,사회·문화
신문방송학,영어Ⅰ
신문방송학,문학
신문방송학,정보
광고홍보학,사회·문화
광고홍보학,영어Ⅰ
광고홍보학,미술
광고홍보학,심리학
관광학,영어Ⅰ
관광학,영어Ⅱ
관광학,사회·문화
관광학,세계지리
농학,생명과학Ⅰ
농학,화학Ⅰ
농학,지구과학Ⅰ
수산학,생명과학Ⅰ
수산학,지구과학Ⅰ
수산학,화학Ⅰ
식품영양학,화학Ⅰ
식품영양학,생명과학Ⅰ
식품영양학,수학Ⅰ
